Name,Sex,Event,Equipment,Age,AgeClass,BirthYearClass,Division,BodyweightKg,WeightClassKg,Squat1Kg,Squat2Kg,Squat3Kg,Squat4Kg,Best3SquatKg,Bench1Kg,Bench2Kg,Bench3Kg,Bench4Kg,Best3BenchKg,Deadlift1Kg,Deadlift2Kg,Deadlift3Kg,Deadlift4Kg,Best3DeadliftKg,TotalKg,Place,Dots,Wilks,Glossbrenner,Goodlift,Tested,Country,State,Federation,ParentFederation,Date,MeetCountry,MeetState,MeetTown,MeetName,Sanctioned
Simone Bernardi,M,SBD,Raw,26.5,24-34,24-39,Senior,107.18,120,225,235,242.5,,242.5,140,-145,145,,145,245,-260,260,,260,647.5,15,387.33,384.22,366.99,79.19,Yes,,,FIPL,IPF,2023-03-31,Italy,,S.Zenone al Lambro,6 gara nazionale classic senior M,Yes
Amedeo Olivieri,M,SBD,Raw,38.5,35-39,24-39,Senior,119.76,120,230,-242.5,-250,,230,160,167.5,172.5,,172.5,245,260,-275,,260,662.5,13,380.73,381.06,365.15,77.08,Yes,,,FIPL,IPF,2023-03-31,Italy,,S.Zenone al Lambro,6 gara nazionale classic senior M,Yes
Francesco Tironi,M,SBD,Raw,28.5,24-34,24-39,Senior,117.34,120,255,270,-275,,270,160,167.5,175,,175,270,285,300,,300,745,7,431.11,430.64,412.49,87.46,Yes,,,FIPL,IPF,2023-03-31,Italy,,S.Zenone al Lambro,6 gara nazionale classic senior M,Yes
Andrew Emmerich,M,SBD,Raw,29.5,24-34,24-39,Senior,95.04,105,130,140,150,,150,90,95,100,,100,197.5,210,-225,,210,460,45,289.68,286.08,273.59,59.55,Yes,,,FIPL,IPF,2023-03-31,Italy,,S.Zenone al Lambro,6 gara nazionale classic senior M,Yes
Simone Zamproni,M,SBD,Raw,32.5,24-34,24-39,Senior,99.97,105,145,155,160,,160,100,105,-110,,105,175,187.5,200,,200,465,44,286.25,283.03,270.32,58.75,Yes,,,FIPL,IPF,2023-03-31,Italy,,S.Zenone al Lambro,6 gara nazionale classic senior M,Yes
Edoardo Bioò,M,SBD,Raw,23.5,24-34,24-39,Senior,103.49,105,167.5,177.5,187.5,,187.5,110,117.5,-122.5,,117.5,185,-195,200,,200,505,41,306.37,303.33,289.64,62.77,Yes,,,FIPL,IPF,2023-03-31,Italy,,S.Zenone al Lambro,6 gara nazionale classic senior M,Yes
Nathan Pirani,M,SBD,Raw,25.5,24-34,24-39,Senior,99.8,105,170,-177.5,182.5,,182.5,125,132.5,-135,,132.5,205,220,227.5,,227.5,542.5,38,334.21,330.42,315.60,68.60,Yes,,,FIPL,IPF,2023-03-31,Italy,,S.Zenone al Lambro,6 gara nazionale classic senior M,Yes
Giulio Sabellini,M,SBD,Raw,26.5,24-34,24-39,Senior,98.44,105,190,-200,205,,205,110,117.5,125,,125,215,-230,-230,,215,545,37,337.77,333.81,318.93,69.37,Yes,,,FIPL,IPF,2023-03-31,Italy,,S.Zenone al Lambro,6 gara nazionale classic senior M,Yes
Saverio Lavoratori,M,SBD,Raw,24.5,24-34,24-39,Senior,93.67,105,187.5,197.5,207.5,,207.5,117.5,-125,125,,125,190,205,220,,220,552.5,35,350.32,345.90,330.98,72.03,Yes,,,FIPL,IPF,2023-03-31,Italy,,S.Zenone al Lambro,6 gara nazionale classic senior M,Yes
Marko Pema,M,SBD,Raw,,,,Senior,94.22,105,180,187.5,195,,195,142.5,147.5,152.5,,152.5,230,240,-250,,240,587.5,33,371.48,366.82,350.91,76.37,Yes,,,FIPL,IPF,2023-03-31,Italy,,S.Zenone al Lambro,6 gara nazionale classic senior M,Yes
Cosimo Luigi Mattei,M,SBD,Raw,,,,Senior,101.44,105,195,202.5,210,,210,115,122.5,-125,,122.5,237.5,247.5,260,,260,592.5,32,362.47,358.57,342.41,74.35,Yes,,,FIPL,IPF,2023-03-31,Italy,,S.Zenone al Lambro,6 gara nazionale classic senior M,Yes
Gerard Kyle Burdese,M,SBD,Raw,24.5,24-34,24-39,Senior,97.12,105,205,215,-225,,215,135,145,-150,,145,250,265,-275,,265,625,27,389.70,385.00,367.96,80.07,Yes,,,FIPL,IPF,2023-03-31,Italy,,S.Zenone al Lambro,6 gara nazionale classic senior M,Yes
Giorgio Ferolo,M,SBD,Raw,25,24-34,24-39,Senior,95.76,105,205,-217.5,220,,220,130,135,140,,140,235,252.5,270,,270,630,25,395.36,390.48,373.34,81.26,Yes,,,FIPL,IPF,2023-03-31,Italy,,S.Zenone al Lambro,6 gara nazionale classic senior M,Yes
Federico Durante,M,SBD,Raw,,,,Senior,103.17,105,-245,245,-255,,245,150,157.5,-162.5,,157.5,270,285,-300,,285,687.5,11,417.62,413.42,394.76,85.58,Yes,,,FIPL,IPF,2023-03-31,Italy,,S.Zenone al Lambro,6 gara nazionale classic senior M,Yes
Simone Renzacci,M,SBD,Raw,26.5,24-34,24-39,Senior,83.16,93,170,180,190,,190,-112.5,-112.5,,,,205,217.5,227.5,,227.5,,DQ,,,,,Yes,,,FIPL,IPF,2023-03-31,Italy,,S.Zenone al Lambro,6 gara nazionale classic senior M,Yes
Pasquale Davide Schiavone,M,SBD,Raw,,,,Senior,91.39,93,130,-140,-140,,130,90,-100,-100,,90,150,160,-175,,160,380,100,243.84,240.74,230.57,50.14,Yes,,,FIPL,IPF,2023-03-31,Italy,,S.Zenone al Lambro,6 gara nazionale classic senior M,Yes
Paolo Corradi,M,SBD,Raw,,,,Senior,89.12,93,127.5,137.5,-150,,137.5,115,120,-122.5,,120,180,190,200,,200,457.5,99,297.30,293.54,281.45,61.12,Yes,,,FIPL,IPF,2023-03-31,Italy,,S.Zenone al Lambro,6 gara nazionale classic senior M,Yes
Matteo Filaggi,M,SBD,Raw,,,,Senior,83.4,93,140,-147.5,150,,150,107.5,115,120,,120,187.5,197.5,212.5,,212.5,482.5,98,324.85,321.16,308.86,66.63,Yes,,,FIPL,IPF,2023-03-31,Italy,,S.Zenone al Lambro,6 gara nazionale classic senior M,Yes
Andrea Campana,M,SBD,Raw,,,,Senior,91.48,93,-175,182.5,190,,190,110,117.5,-122.5,,117.5,185,195,205,,205,512.5,96,328.70,324.52,310.80,67.59,Yes,,,FIPL,IPF,2023-03-31,Italy,,S.Zenone al Lambro,6 gara nazionale classic senior M,Yes
Stefano Marangon,M,SBD,Raw,,,,Senior,86.82,93,170,182.5,-192.5,,182.5,120,125,-130,,125,190,200,210,,210,517.5,94,340.89,336.69,323.21,70.04,Yes,,,FIPL,IPF,2023-03-31,Italy,,S.Zenone al Lambro,6 gara nazionale classic senior M,Yes
Massimilian Simoncini,M,SBD,Raw,,,,Senior,90.49,93,180,-190,-190,,180,120,130,-135,,130,185,197.5,212.5,,212.5,522.5,93,336.93,332.65,318.73,69.28,Yes,,,FIPL,IPF,2023-03-31,Italy,,S.Zenone al Lambro,6 gara nazionale classic senior M,Yes
Michele Leotta,M,SBD,Raw,28.5,24-34,24-39,Senior,89.77,93,-190,200,-215,,200,-107.5,112.5,120,,120,190,200,215,,215,535,92,346.38,341.99,327.80,71.21,Yes,,,FIPL,IPF,2023-03-31,Italy,,S.Zenone al Lambro,6 gara nazionale classic senior M,Yes
Alessandro Zanardi,M,SBD,Raw,,,,Senior,84.86,93,170,-185,-190,,170,137.5,145,-150,,145,200,220,-235,,220,535,89,356.77,352.54,338.78,73.24,Yes,,,FIPL,IPF,2023-03-31,Italy,,S.Zenone al Lambro,6 gara nazionale classic senior M,Yes
Andrea Scarpelli,M,SBD,Raw,31.5,24-34,24-39,Senior,87.84,93,190,200,-207.5,,200,100,107.5,-112.5,,107.5,200,212.5,230,,230,537.5,88,351.90,347.51,333.41,72.32,Yes,,,FIPL,IPF,2023-03-31,Italy,,S.Zenone al Lambro,6 gara nazionale classic senior M,Yes
Lorenzo Monticolo,M,SBD,Raw,,,,Senior,84.95,93,185,192.5,200,,200,127.5,135,140,,140,195,207.5,-215,,207.5,547.5,85,364.89,360.56,346.47,74.91,Yes,Italy,,FIPL,IPF,2023-03-31,Italy,,S.Zenone al Lambro,6 gara nazionale classic senior M,Yes
Simone Lastella,M,SBD,Raw,25.5,24-34,24-39,Senior,90.23,93,185,192.5,200,,200,115,120,-125,,120,220,232.5,-240,,232.5,552.5,83,356.79,352.26,337.57,73.36,Yes,,,FIPL,IPF,2023-03-31,Italy,,S.Zenone al Lambro,6 gara nazionale classic senior M,Yes
Alessio Caputo,M,SBD,Raw,,,,Senior,91.06,93,180,195,-205,,195,117.5,125,130,,130,210,230,-250,,230,555,82,356.77,352.23,337.41,73.36,Yes,,,FIPL,IPF,2023-03-31,Italy,,S.Zenone al Lambro,6 gara nazionale classic senior M,Yes
Federico Agrò,M,SBD,Raw,28.5,24-34,24-39,Senior,89.5,93,182.5,195,202.5,,202.5,-115,122.5,127.5,,127.5,220,230,-240,,230,560,79,363.12,358.52,343.69,74.65,Yes,,,FIPL,IPF,2023-03-31,Italy,,S.Zenone al Lambro,6 gara nazionale classic senior M,Yes
Luigi Ghini,M,SBD,Raw,,,,Senior,91.6,93,185,192.5,-200,,192.5,130,135,-140,,135,215,227.5,235,,235,562.5,78,360.54,355.95,340.89,74.13,Yes,,,FIPL,IPF,2023-03-31,Italy,,S.Zenone al Lambro,6 gara nazionale classic senior M,Yes
Mattia Vinante,M,SBD,Raw,,,,Senior,91.45,93,170,185,195,,195,130,137.5,142.5,,142.5,195,210,225,,225,562.5,77,360.83,356.24,341.19,74.19,Yes,,,FIPL,IPF,2023-03-31,Italy,,S.Zenone al Lambro,6 gara nazionale classic senior M,Yes
Matteo Terroni,M,SBD,Raw,25.5,24-34,24-39,Senior,86.23,93,185,195,205,,205,120,127.5,132.5,,132.5,215,227.5,-235,,227.5,565,76,373.53,368.98,354.31,76.73,Yes,,,FIPL,IPF,2023-03-31,Italy,,S.Zenone al Lambro,6 gara nazionale classic senior M,Yes
Francesco Toccafondi,M,SBD,Raw,36.5,35-39,24-39,Senior,92.88,93,175,-182.5,-182.5,,175,120,125,-130,,125,257.5,270,-280,,270,570,72,362.89,358.29,342.94,74.62,Yes,,,FIPL,IPF,2023-03-31,Italy,,S.Zenone al Lambro,6 gara nazionale classic senior M,Yes
Antonello Di Giuseppe,M,SBD,Raw,,,,Senior,87.34,93,185,195,205,,205,-120,125,130,,130,220,230,240,,240,575,71,377.57,372.89,357.86,77.59,Yes,,,FIPL,IPF,2023-03-31,Italy,,S.Zenone al Lambro,6 gara nazionale classic senior M,Yes
Matteo Serafini #1,M,SBD,Raw,26.5,24-34,24-39,Senior,88.36,93,200,210,217.5,,217.5,115,120,122.5,,122.5,235,245,-260,,245,585,67,381.83,377.04,361.65,78.48,Yes,,,FIPL,IPF,2023-03-31,Italy,,S.Zenone al Lambro,6 gara nazionale classic senior M,Yes
Luca Spiga,M,SBD,Raw,29.5,24-34,24-39,Senior,89.8,93,210,220,-225,,220,130,-135,-135,,130,230,240,-250,,240,590,65,381.92,377.08,361.43,78.52,Yes,,,FIPL,IPF,2023-03-31,Italy,,S.Zenone al Lambro,6 gara nazionale classic senior M,Yes
Massimo Ziliani,M,SBD,Raw,25,24-34,24-39,Senior,86.4,93,200,210,217.5,,217.5,130,135,-140,,135,225,237.5,250,,250,602.5,61,397.90,393.04,377.38,81.74,Yes,,,FIPL,IPF,2023-03-31,Italy,,S.Zenone al Lambro,6 gara nazionale classic senior M,Yes
Domenico Cordone,M,SBD,Raw,26.5,24-34,24-39,Senior,85.65,93,205,217.5,225,,225,-142.5,-147.5,147.5,,147.5,220,235,-240,,235,607.5,60,403.08,398.23,382.51,82.78,Yes,,,FIPL,IPF,2023-03-31,Italy,,S.Zenone al Lambro,6 gara nazionale classic senior M,Yes
Stefano Gadler,M,SBD,Raw,24.5,24-34,24-39,Senior,91.91,93,205,215,222.5,,222.5,132.5,140,147.5,,147.5,242.5,255,265,,265,635,47,406.34,401.17,384.14,83.55,Yes,,,FIPL,IPF,2023-03-31,Italy,,S.Zenone al Lambro,6 gara nazionale classic senior M,Yes
Nicolo' Leder,M,SBD,Raw,,,,Senior,90.73,93,-180,192.5,-200,,192.5,142.5,-150,155,,155,262.5,275,290,,290,637.5,44,410.54,405.32,388.33,84.41,Yes,,,FIPL,IPF,2023-03-31,Italy,,S.Zenone al Lambro,6 gara nazionale classic senior M,Yes
Dario Lo Schiavo,M,SBD,Raw,,,,Senior,89.46,93,230,-237.5,-240,,230,132.5,137.5,142.5,,142.5,255,265,-275,,265,637.5,43,413.46,408.23,391.35,85.00,Yes,,,FIPL,IPF,2023-03-31,Italy,,S.Zenone al Lambro,6 gara nazionale classic senior M,Yes
Ettore Miranda,M,SBD,Raw,28.5,24-34,24-39,Senior,91.49,93,-245,245,-247.5,,245,140,-145,-145,,140,250,260,-275,,260,645,40,413.66,408.40,391.14,85.06,Yes,,,FIPL,IPF,2023-03-31,Italy,,S.Zenone al Lambro,6 gara nazionale classic senior M,Yes
Lorenzo Tanganelli,M,SBD,Raw,23.5,24-34,24-39,Senior,92.28,93,207.5,217.5,225,,225,147.5,152.5,-157.5,,152.5,260,280,292.5,,292.5,670,26,427.89,422.46,404.46,87.98,Yes,,,FIPL,IPF,2023-03-31,Italy,,S.Zenone al Lambro,6 gara nazionale classic senior M,Yes
Antonio Fiorino,M,SBD,Raw,23.5,24-34,24-39,Senior,91.95,93,237.5,-250,262.5,,262.5,155,160,-170,,160,-247.5,247.5,260,,260,682.5,23,436.64,431.08,412.78,89.78,Yes,,,FIPL,IPF,2023-03-31,Italy,,S.Zenone al Lambro,6 gara nazionale classic senior M,Yes
Luigi Giorgio Cerrato,M,SBD,Raw,26.5,24-34,24-39,Senior,91.52,93,260,262.5,267.5,,267.5,150,160,-170,,160,255,-270,275,,275,702.5,14,450.47,444.73,425.93,92.63,Yes,,,FIPL,IPF,2023-03-31,Italy,,S.Zenone al Lambro,6 gara nazionale classic senior M,Yes
Andrea Smrekar,M,SBD,Raw,32,24-34,24-39,Senior,89.63,93,240,252.5,262.5,,262.5,175,-180,180,,180,250,265,-270,,265,707.5,12,458.42,452.61,433.86,94.25,Yes,Italy,,FIPL,IPF,2023-03-31,Italy,,S.Zenone al Lambro,6 gara nazionale classic senior M,Yes
Riccardo Vezzosi,M,SBD,Raw,30,24-34,24-39,Senior,74.03,83,135,145,-155,,145,85,90,95,,95,150,160,170,,170,410,67,296.62,294.83,285.04,60.18,Yes,,,FIPL,IPF,2023-03-31,Italy,,S.Zenone al Lambro,6 gara nazionale classic senior M,Yes
Michele Rossi,M,SBD,Raw,24.5,24-34,24-39,Senior,75.19,83,135,147.5,160,,160,92.5,97.5,-102.5,,97.5,160,170,177.5,,177.5,435,66,311.58,309.42,298.94,63.34,Yes,,,FIPL,IPF,2023-03-31,Italy,,S.Zenone al Lambro,6 gara nazionale classic senior M,Yes
Matteo Lupo,M,SBD,Raw,,,,Senior,77.57,83,140,150,165,,165,90,97.5,102.5,,102.5,150,165,180,,180,447.5,65,314.35,311.66,300.70,64.12,Yes,,,FIPL,IPF,2023-03-31,Italy,,S.Zenone al Lambro,6 gara nazionale classic senior M,Yes
Andrea Bandera,M,SBD,Raw,32.5,24-34,24-39,Senior,82.26,83,160,165,172.5,,172.5,90,95,-97.5,,95,185,195,-205,,195,462.5,63,313.81,310.37,298.68,64.31,Yes,,,FIPL,IPF,2023-03-31,Italy,,S.Zenone al Lambro,6 gara nazionale classic senior M,Yes
Dario Bertozzi,M,SBD,Raw,,,,Senior,79.83,83,155,162.5,170,,170,125,130,-135,,130,170,-185,-185,,170,470,62,324.49,321.30,309.61,66.36,Yes,,,FIPL,IPF,2023-03-31,Italy,,S.Zenone al Lambro,6 gara nazionale classic senior M,Yes
Massimiliano Paino,M,SBD,Raw,24.5,24-34,24-39,Senior,77.19,83,170,182.5,192.5,,192.5,85,90,-92.5,,90,200,212.5,220,,220,502.5,55,354.05,351.11,338.83,72.18,Yes,Italy,,FIPL,IPF,2023-03-31,Italy,,S.Zenone al Lambro,6 gara nazionale classic senior M,Yes
Cristian Anghel,M,SBD,Raw,,,,Senior,80.77,83,160,170,180,,180,117.5,122.5,125,,125,180,190,200,,200,505,54,346.27,342.70,330.06,70.88,Yes,,,FIPL,IPF,2023-03-31,Italy,,S.Zenone al Lambro,6 gara nazionale classic senior M,Yes
Luca Sechi,M,SBD,Raw,24.5,24-34,24-39,Senior,79.77,83,170,175,185,,185,-120,120,-135,,120,190,200,-205,,200,505,53,348.81,345.39,332.84,71.33,Yes,,,FIPL,IPF,2023-03-31,Italy,,S.Zenone al Lambro,6 gara nazionale classic senior M,Yes
Luca Boschi,M,SBD,Raw,,,,Senior,78.84,83,170,-185,185,,185,105,112.5,-120,,112.5,200,215,-222.5,,215,512.5,51,356.48,353.16,340.50,72.82,Yes,,,FIPL,IPF,2023-03-31,Italy,,S.Zenone al Lambro,6 gara nazionale classic senior M,Yes
Ronaldo Gabrielli,M,SBD,Raw,,,,Senior,82.83,83,175,185,195,,195,100,105,-107.5,,105,210,220,-230,,220,520,48,351.45,347.52,334.32,72.06,Yes,,,FIPL,IPF,2023-03-31,Italy,,S.Zenone al Lambro,6 gara nazionale classic senior M,Yes
Tommaso Iandelli,M,SBD,Raw,24.5,24-34,24-39,Senior,81.81,83,197.5,207.5,-215,,207.5,92.5,-97.5,-97.5,,92.5,212.5,222.5,-235,,222.5,522.5,47,355.63,351.80,338.63,72.86,Yes,,,FIPL,IPF,2023-03-31,Italy,,S.Zenone al Lambro,6 gara nazionale classic senior M,Yes
Elia Castelli Rivolta,M,SBD,Raw,24.5,24-34,24-39,Senior,76.05,83,180,182.5,187.5,,187.5,-110,110,112.5,,112.5,220,227.5,-232.5,,227.5,527.5,44,375.12,372.29,359.51,76.35,Yes,,,FIPL,IPF,2023-03-31,Italy,,S.Zenone al Lambro,6 gara nazionale classic senior M,Yes
Tiziano Bonizzoni,M,SBD,Raw,,,,Senior,80.25,83,170,180,190,,190,115,120,-125,,120,210,220,-230,,220,530,43,364.79,361.12,347.90,74.63,Yes,,,FIPL,IPF,2023-03-31,Italy,,S.Zenone al Lambro,6 gara nazionale classic senior M,Yes
Roberto Palazzolo,M,SBD,Raw,,,,Senior,82.2,83,170,180,187.5,,187.5,115,-120,120,,120,215,222.5,232.5,,232.5,540,42,366.55,362.54,348.89,75.12,Yes,,,FIPL,IPF,2023-03-31,Italy,,S.Zenone al Lambro,6 gara nazionale classic senior M,Yes
Gabriele Iacchini,M,SBD,Raw,,,,Senior,80.28,83,180,192.5,200,,200,112.5,120,-125,,120,210,217.5,225,,225,545,38,375.03,371.25,357.66,76.73,Yes,,,FIPL,IPF,2023-03-31,Italy,,S.Zenone al Lambro,6 gara nazionale classic senior M,Yes
Riccardo Martorelli,M,SBD,Raw,29.5,24-34,24-39,Senior,81.03,83,190,197.5,202.5,,202.5,135,-137.5,137.5,,137.5,200,210,222.5,,222.5,562.5,32,384.98,380.96,366.86,78.82,Yes,,,FIPL,IPF,2023-03-31,Italy,,S.Zenone al Lambro,6 gara nazionale classic senior M,Yes
Luca Ceroni,M,SBD,Raw,28,24-34,24-39,Senior,81.85,83,-190,190,200,,200,147.5,-152.5,-152.5,,147.5,-215,215,220,,220,567.5,30,386.16,381.99,367.68,79.11,Yes,,,FIPL,IPF,2023-03-31,Italy,,S.Zenone al Lambro,6 gara nazionale classic senior M,Yes
Martino Colombo,M,SBD,Raw,25.5,24-34,24-39,Senior,77.31,83,170,180,187.5,,187.5,110,115,122.5,,122.5,235,247.5,260,,260,570,28,401.22,397.86,383.93,81.81,Yes,,,FIPL,IPF,2023-03-31,Italy,,S.Zenone al Lambro,6 gara nazionale classic senior M,Yes
Alessio Iannaccone,M,SBD,Raw,35.5,35-39,24-39,Senior,81.19,83,190,200,210,,210,135,-142.5,-142.5,,135,215,227.5,-235,,227.5,572.5,27,391.38,387.27,372.90,80.14,Yes,,,FIPL,IPF,2023-03-31,Italy,,S.Zenone al Lambro,6 gara nazionale classic senior M,Yes
Francesco Sacco,M,SBD,Raw,26,24-34,24-39,Senior,81,83,-220,-220,220,,220,137.5,142.5,-150,,142.5,-210,210,-222.5,,210,572.5,26,391.91,387.83,373.48,80.23,Yes,,,FIPL,IPF,2023-03-31,Italy,,S.Zenone al Lambro,6 gara nazionale classic senior M,Yes
Andrea Pico,M,SBD,Raw,24.5,24-34,24-39,Senior,76.84,83,185,195,202.5,,202.5,122.5,127.5,-132.5,,127.5,-235,245,-260,,245,575,23,406.27,402.99,388.98,82.79,Yes,,,FIPL,IPF,2023-03-31,Italy,,S.Zenone al Lambro,6 gara nazionale classic senior M,Yes
Federico Ladu,M,SBD,Raw,28,24-34,24-39,Senior,77.51,83,220,222.5,240,,240,147.5,155,-160,,155,270,-282.5,-282.5,,270,665,7,467.35,463.37,447.10,95.32,Yes,Italy,,FIPL,IPF,2023-03-31,Italy,,S.Zenone al Lambro,6 gara nazionale classic senior M,Yes
Mariano Colturi,M,SBD,Raw,27.5,24-34,24-39,Senior,67.72,74,-130,130,-150,,130,90,-100,-100,,90,140,-150,150,,150,370,45,284.51,284.54,276.15,56.90,Yes,,,FIPL,IPF,2023-03-31,Italy,,S.Zenone al Lambro,6 gara nazionale classic senior M,Yes
Michael Bartolini,M,SBD,Raw,,,,Senior,72.46,74,125,-132.5,135,,135,90,-95,-95,,90,157.5,167.5,175,,175,400,44,293.49,292.11,282.67,59.37,Yes,,,FIPL,IPF,2023-03-31,Italy,,S.Zenone al Lambro,6 gara nazionale classic senior M,Yes
Emanuele Serughetti,M,SBD,Raw,,,,Senior,70.16,74,137.5,145,150,,150,95,100,105,,105,160,170,-175,,170,425,43,318.74,317.94,308.08,64.15,Yes,,,FIPL,IPF,2023-03-31,Italy,,S.Zenone al Lambro,6 gara nazionale classic senior M,Yes
Nicolo' Fabiole,M,SBD,Raw,,,,Senior,73.15,74,157.5,165,167.5,,167.5,95,100,105,,105,160,170,175,,175,447.5,41,326.29,324.56,313.94,66.09,Yes,,,FIPL,IPF,2023-03-31,Italy,,S.Zenone al Lambro,6 gara nazionale classic senior M,Yes
Amedeo Sapienza,M,SBD,Raw,27.5,24-34,24-39,Senior,71.3,74,145,152.5,157.5,,157.5,90,-97.5,-100,,90,172.5,190,200,,200,447.5,40,331.93,330.72,320.25,66.98,Yes,,,FIPL,IPF,2023-03-31,Italy,,S.Zenone al Lambro,6 gara nazionale classic senior M,Yes
Alessandro D'Amico,M,SBD,Raw,24.5,24-34,24-39,Senior,70.48,74,150,160,170,,170,85,-90,-92.5,,85,190,200,-210,,200,455,39,340.17,339.20,328.63,68.52,Yes,,,FIPL,IPF,2023-03-31,Italy,,S.Zenone al Lambro,6 gara nazionale classic senior M,Yes
Davide Luchina,M,SBD,Raw,24.5,24-34,24-39,Senior,72.32,74,155,162.5,167.5,,167.5,100,-105,-105,,100,195,210,215,,215,482.5,35,354.48,352.86,341.48,71.69,Yes,,,FIPL,IPF,2023-03-31,Italy,,S.Zenone al Lambro,6 gara nazionale classic senior M,Yes
Andrea Ricci,M,SBD,Raw,,,,Senior,72.65,74,170,-185,190,,190,112.5,117.5,120,,120,160,170,180,,180,490,34,358.90,357.16,345.57,72.63,Yes,Italy,,FIPL,IPF,2023-03-31,Italy,,S.Zenone al Lambro,6 gara nazionale classic senior M,Yes
Filippo Paini,M,SBD,Raw,25.5,24-34,24-39,Senior,71.72,74,175,185,192.5,,192.5,-110,110,-117.5,,110,180,-190,190,,190,492.5,33,363.86,362.39,350.83,73.49,Yes,,,FIPL,IPF,2023-03-31,Italy,,S.Zenone al Lambro,6 gara nazionale classic senior M,Yes
Stefano Ceccherini,M,SBD,Raw,23.5,24-34,24-39,Senior,73.3,74,165,172.5,177.5,,177.5,105,110,-115,,110,200,212.5,220,,220,507.5,30,369.54,367.54,355.48,74.87,Yes,,,FIPL,IPF,2023-03-31,Italy,,S.Zenone al Lambro,6 gara nazionale classic senior M,Yes
Lorenzo Dusi,M,SBD,Raw,25.5,24-34,24-39,Senior,73.69,74,180,190,-200,,190,-117.5,117.5,125,,125,232.5,-247.5,-250,,232.5,547.5,24,397.28,395.00,381.95,80.55,Yes,,,FIPL,IPF,2023-03-31,Italy,,S.Zenone al Lambro,6 gara nazionale classic senior M,Yes
Alessandro Tassi,M,SBD,Raw,33,24-34,24-39,Senior,73.28,74,190,200,-207.5,,200,102.5,110,-115,,110,215,230,240,,240,550,23,400.56,398.40,385.33,81.16,Yes,,,FIPL,IPF,2023-03-31,Italy,,S.Zenone al Lambro,6 gara nazionale classic senior M,Yes
Marco Briganti,M,SBD,Raw,,,,Senior,72.5,74,-190,-195,195,,195,115,-120,120,,120,225,235,-245,,235,550,22,403.40,401.50,388.50,81.61,Yes,,,FIPL,IPF,2023-03-31,Italy,,S.Zenone al Lambro,6 gara nazionale classic senior M,Yes
Cosimo Capolmi,M,SBD,Raw,,,,Senior,73.55,74,210,220,-230,,220,130,-140,-140,,130,230,240,-250,,240,590,15,428.66,426.24,412.20,86.89,Yes,,,FIPL,IPF,2023-03-31,Italy,,S.Zenone al Lambro,6 gara nazionale classic senior M,Yes
Luca Maggioni,M,SBD,Raw,25.5,24-34,24-39,Senior,72.78,74,205,220,230,,230,135,140,145,,145,210,225,237.5,,237.5,612.5,8,448.10,445.87,431.37,90.70,Yes,,,FIPL,IPF,2023-03-31,Italy,,S.Zenone al Lambro,6 gara nazionale classic senior M,Yes
Mattia De Martino,M,SBD,Raw,31.5,24-34,24-39,Senior,60.69,66,95,100,105,,105,55,57.5,60,,60,105,115,125,,125,290,36,242.50,244.78,238.88,47.27,Yes,,,FIPL,IPF,2023-03-31,Italy,,S.Zenone al Lambro,6 gara nazionale classic senior M,Yes
Andrea Secco,M,SBD,Raw,,,,Senior,60.26,66,105,107.5,112.5,,112.5,67.5,70,-72.5,,70,105,112.5,120,,120,302.5,35,254.42,256.98,250.88,49.49,Yes,,,FIPL,IPF,2023-03-31,Italy,,S.Zenone al Lambro,6 gara nazionale classic senior M,Yes
Luca Sacchetti,M,SBD,Raw,,,,Senior,64.83,66,127.5,137.5,-145,,137.5,82.5,87.5,-95,,87.5,140,150,160,,160,385,34,305.72,306.82,298.40,60.59,Yes,,,FIPL,IPF,2023-03-31,Italy,,S.Zenone al Lambro,6 gara nazionale classic senior M,Yes
Gianni Mei,M,SBD,Raw,,,,Senior,64.9,66,145,155,162.5,,162.5,95,100,-102.5,,100,170,180,-187.5,,180,442.5,32,351.10,352.33,342.64,69.60,Yes,,,FIPL,IPF,2023-03-31,Italy,,S.Zenone al Lambro,6 gara nazionale classic senior M,Yes
Andrea Caro,M,SBD,Raw,,,,Senior,64.76,66,152.5,160,167.5,,167.5,90,95,-97.5,,95,162.5,172.5,180,,180,442.5,31,351.67,352.97,343.30,69.68,Yes,,,FIPL,IPF,2023-03-31,Italy,,S.Zenone al Lambro,6 gara nazionale classic senior M,Yes
Giuseppe Garritano,M,SBD,Raw,,,,Senior,65.5,66,135,145,155,,155,107.5,-112.5,-112.5,,107.5,180,192.5,-200,,192.5,455,28,358.53,359.51,349.47,71.21,Yes,,,FIPL,IPF,2023-03-31,Italy,,S.Zenone al Lambro,6 gara nazionale classic senior M,Yes
William Tancredi,M,SBD,Raw,26,24-34,24-39,Senior,65.37,66,160,167.5,-175,,167.5,-102.5,102.5,-110,,102.5,170,185,-195,,185,455,27,359.06,360.11,350.08,71.29,Yes,,,FIPL,IPF,2023-03-31,Italy,,S.Zenone al Lambro,6 gara nazionale classic senior M,Yes
Mario Mercurio Guglielmo,M,SBD,Raw,,,,Senior,63.53,66,135,145,155,,155,112.5,120,125,,125,175,187.5,-200,,187.5,467.5,24,377.03,379.03,369.00,74.36,Yes,,,FIPL,IPF,2023-03-31,Italy,,S.Zenone al Lambro,6 gara nazionale classic senior M,Yes
Simone Campitelli,M,SBD,Raw,,,,Senior,64.11,66,165,172.5,180,,180,110,115,117.5,,117.5,170,177.5,-187.5,,177.5,475,22,380.41,382.14,371.85,75.19,Yes,,,FIPL,IPF,2023-03-31,Italy,,S.Zenone al Lambro,6 gara nazionale classic senior M,Yes
Matteo Moraldo,M,SBD,Raw,23.5,24-34,24-39,Senior,63.78,66,162.5,170,172.5,,172.5,90,95,100,,100,-190,195,212.5,,212.5,485,19,389.96,391.90,381.45,76.99,Yes,,,FIPL,IPF,2023-03-31,Italy,,S.Zenone al Lambro,6 gara nazionale classic senior M,Yes
Francesco Fiorillo,M,SBD,Raw,28.5,24-34,24-39,Senior,65.14,66,157.5,167.5,172.5,,172.5,105,112.5,-115,,112.5,192.5,200,205,,205,490,18,387.71,388.95,378.18,76.92,Yes,,,FIPL,IPF,2023-03-31,Italy,,S.Zenone al Lambro,6 gara nazionale classic senior M,Yes
Raffaell Giammichele,M,SBD,Raw,,,,Senior,65.87,66,165,175,-180,,175,-117.5,117.5,120,,120,210,220,-230,,220,515,15,404.11,405.03,393.61,80.36,Yes,,,FIPL,IPF,2023-03-31,Italy,,S.Zenone al Lambro,6 gara nazionale classic senior M,Yes
Michele Crudu,M,SBD,Raw,24,24-34,24-39,Senior,65.32,66,190,202.5,210,,210,-120,122.5,127.5,,127.5,220,235,245,,245,582.5,4,459.94,461.31,448.48,91.30,Yes,Italy,,FIPL,IPF,2023-03-31,Italy,,S.Zenone al Lambro,6 gara nazionale classic senior M,Yes
Matteo Giordano,M,SBD,Raw,,,,Senior,57.12,59,120,125,-132.5,,125,72.5,80,-85,,80,130,-140,145,,145,350,8,307.91,312.57,306.10,58.93,Yes,,,FIPL,IPF,2023-03-31,Italy,,S.Zenone al Lambro,6 gara nazionale classic senior M,Yes
Giacomo Marinone,M,SBD,Raw,42.5,40-44,40-49,Senior,57.4,59,130,137.5,-142.5,,137.5,85,-90,-90,,85,150,165,-192.5,,165,387.5,7,339.46,344.44,337.21,65.07,Yes,,,FIPL,IPF,2023-03-31,Italy,,S.Zenone al Lambro,6 gara nazionale classic senior M,Yes
Matteo Xaxa,M,SBD,Raw,36.5,35-39,24-39,Senior,58.36,59,-135,135,142.5,,142.5,95,100,-102.5,,100,187.5,190,-195,,190,432.5,3,373.57,378.46,370.15,71.99,Yes,,,FIPL,IPF,2023-03-31,Italy,,S.Zenone al Lambro,6 gara nazionale classic senior M,Yes
Andrea Grivet,M,SBD,Raw,33.5,24-34,24-39,Senior,104.56,105,210,225,-237.5,,225,145,152.5,157.5,,157.5,250,265,-280,,265,647.5,19,391.17,387.49,370.01,80.10,Yes,,,FIPL,IPF,2023-03-31,Italy,,S.Zenone al Lambro,6 gara nazionale classic senior M,Yes
Roberto Biolcati Rinaldi,M,SBD,Raw,,,,Senior,87.04,93,175,185,-197.5,,185,130,137.5,-142.5,,137.5,200,212.5,225,,225,547.5,86,360.17,355.72,341.44,74.00,Yes,,,FIPL,IPF,2023-03-31,Italy,,S.Zenone al Lambro,6 gara nazionale classic senior M,Yes
Emanuele Bassetti,M,SBD,Raw,29,24-34,24-39,Senior,88.59,93,217.5,227.5,-230,,227.5,137.5,142.5,147.5,,147.5,245,260,-265,,260,635,46,413.91,408.70,391.97,85.08,Yes,Italy,,FIPL,IPF,2023-03-31,Italy,,S.Zenone al Lambro,6 gara nazionale classic senior M,Yes
Michele Renna,M,SBD,Raw,25.5,24-34,24-39,Senior,91.72,93,220,230,240,,240,145,152.5,-155,,152.5,225,237.5,245,,245,637.5,45,408.35,403.15,386.07,83.97,Yes,,,FIPL,IPF,2023-03-31,Italy,,S.Zenone al Lambro,6 gara nazionale classic senior M,Yes
Leonardo Marco Giliberto,M,SBD,Raw,31.5,24-34,24-39,Senior,92.82,93,235,245,252.5,,252.5,165,172.5,-177.5,,172.5,285,300,315,,315,740,8,471.27,465.29,445.36,96.90,Yes,,,FIPL,IPF,2023-03-31,Italy,,S.Zenone al Lambro,6 gara nazionale classic senior M,Yes
Stefano Tardioli,M,SBD,Raw,32.5,24-34,24-39,Senior,91.73,93,220,235,-245,,235,170,180,-190,,180,240,257.5,270,,270,685,21,438.75,433.17,414.81,90.22,Yes,Italy,,FIPL,IPF,2023-03-31,Italy,,S.Zenone al Lambro,6 gara nazionale classic senior M,Yes
Mattia Puntarello,M,SBD,Raw,28.5,24-34,24-39,Senior,57.84,59,-135,135,142.5,,142.5,80,85,90,,90,-175,182.5,190,,190,422.5,4,367.71,372.84,364.85,70.66,Yes,,,FIPL,IPF,2023-03-31,Italy,,S.Zenone al Lambro,6 gara nazionale classic senior M,Yes
Lorenzo Fellini,M,SBD,Raw,25.5,24-34,24-39,Senior,86.66,93,215,227.5,240,,240,132.5,-140,147.5,,147.5,240,252.5,265,,265,652.5,37,430.24,424.96,407.97,88.39,Yes,,,FIPL,IPF,2023-03-31,Italy,,S.Zenone al Lambro,6 gara nazionale classic senior M,Yes
Leonardo Baio,M,SBD,Raw,,,,Senior,94.97,105,185,-195,200,,200,120,125,-130,,125,190,200,-207.5,,200,525,39,330.73,326.61,312.36,67.98,Yes,,,FIPL,IPF,2023-03-31,Italy,,S.Zenone al Lambro,6 gara nazionale classic senior M,Yes
Alberto Lovino,M,SBD,Raw,,,,Senior,73.94,74,185,195,-205,,195,115,120,122.5,,122.5,200,215,225,,225,542.5,25,392.79,390.45,377.50,79.68,Yes,,,FIPL,IPF,2023-03-31,Italy,,S.Zenone al Lambro,6 gara nazionale classic senior M,Yes
Jacopo Sala,M,SBD,Raw,23.5,24-34,24-39,Senior,92.16,93,225,237.5,247.5,,247.5,140,145,-150,,145,250,270,-277.5,,270,662.5,27,423.37,417.99,400.20,87.05,Yes,,,FIPL,IPF,2023-03-31,Italy,,S.Zenone al Lambro,6 gara nazionale classic senior M,Yes
Enea Salicioni,M,SBD,Raw,,,,Senior,79.77,83,155,162.5,-172.5,,162.5,-102.5,107.5,110,,110,185,200,205,,205,477.5,61,329.82,326.58,314.71,67.44,Yes,,,FIPL,IPF,2023-03-31,Italy,,S.Zenone al Lambro,6 gara nazionale classic senior M,Yes
Matteo Della Balda,M,SBD,Raw,,,,Senior,81.54,83,160,167.5,-180,,167.5,110,117.5,125,,125,190,207.5,220,,220,512.5,52,349.49,345.77,332.87,71.58,Yes,,,FIPL,IPF,2023-03-31,Italy,,S.Zenone al Lambro,6 gara nazionale classic senior M,Yes
Matteo Villa,M,SBD,Raw,23.5,24-34,24-39,Senior,82.58,83,-185,192.5,205,,205,115,122.5,125,,125,195,212.5,-220,,212.5,542.5,41,367.28,363.21,349.47,75.29,Yes,,,FIPL,IPF,2023-03-31,Italy,,S.Zenone al Lambro,6 gara nazionale classic senior M,Yes
Michele Delle Noci,M,SBD,Raw,,,,Senior,72.91,74,195,-205,-205,,195,135,140,-145,,140,215,225,-235,,225,560,20,409.20,407.12,393.85,82.85,Yes,,,FIPL,IPF,2023-03-31,Italy,,S.Zenone al Lambro,6 gara nazionale classic senior M,Yes
Pier Paolo Sorrentino,M,SBD,Raw,27.5,24-34,24-39,Senior,104.03,105,235,245,-252.5,,245,137.5,145,-150,,145,272.5,287.5,-300,,287.5,677.5,12,410.14,406.18,387.84,84.01,Yes,,,FIPL,IPF,2023-03-31,Italy,,S.Zenone al Lambro,6 gara nazionale classic senior M,Yes
Carlos Mayorga,M,SBD,Raw,31.5,24-34,24-39,Senior,100.52,105,210,220,235,,235,140,142.5,-155,,142.5,250,260,-270,,260,637.5,22,391.51,387.18,369.77,80.34,Yes,,,FIPL,IPF,2023-03-31,Italy,,S.Zenone al Lambro,6 gara nazionale classic senior M,Yes
Samuele Rubattu,M,SBD,Raw,,,,Senior,91.1,93,190,200,210,,210,120,130,-137.5,,130,215,230,240,,240,580,70,372.76,368.02,352.52,76.65,Yes,,,FIPL,IPF,2023-03-31,Italy,,S.Zenone al Lambro,6 gara nazionale classic senior M,Yes
Raffaele Pagano,M,SBD,Raw,,,,Senior,92.6,93,240,247.5,-250,,247.5,160,165,-170,,165,230,250,-262.5,,250,662.5,28,422.39,417.03,399.21,86.85,Yes,,,FIPL,IPF,2023-03-31,Italy,,S.Zenone al Lambro,6 gara nazionale classic senior M,Yes
Alessandro Gallini Pirani,M,SBD,Raw,,,,Senior,72.82,74,180,190,200,,200,125,130,137.5,,137.5,205,220,230,,230,567.5,18,415.02,412.95,399.51,84.01,Yes,,,FIPL,IPF,2023-03-31,Italy,,S.Zenone al Lambro,6 gara nazionale classic senior M,Yes
Roberto Di Giuseppe,M,SBD,Raw,,,,Senior,100.14,105,155,162.5,170,,170,120,125,-130,,125,190,202.5,215,,215,510,40,313.72,310.21,296.28,64.39,Yes,,,FIPL,IPF,2023-03-31,Italy,,S.Zenone al Lambro,6 gara nazionale classic senior M,Yes
Cristian Cortese,M,SBD,Raw,25.5,24-34,24-39,Senior,91.8,93,230,242.5,-255,,242.5,150,157.5,-170,,157.5,245,260,-275,,260,660,31,422.58,417.20,399.51,86.89,Yes,,,FIPL,IPF,2023-03-31,Italy,,S.Zenone al Lambro,6 gara nazionale classic senior M,Yes
Davide Caliandro,M,SBD,Raw,,,,Senior,87.07,93,205,217.5,227.5,,227.5,127.5,132.5,140,,140,245,-260,260,,260,627.5,51,412.72,407.62,391.25,84.80,Yes,,,FIPL,IPF,2023-03-31,Italy,,S.Zenone al Lambro,6 gara nazionale classic senior M,Yes
Lorenzo Intermite,M,SBD,Raw,,,,Senior,91.03,93,-237.5,245,250,,250,160,167.5,-170,,167.5,260,272.5,285,,285,702.5,13,451.66,445.91,427.16,92.87,Yes,,,FIPL,IPF,2023-03-31,Italy,,S.Zenone al Lambro,6 gara nazionale classic senior M,Yes
Andrea Giovannetti,M,SBD,Raw,27.5,24-34,24-39,Senior,81.15,83,180,190,200,,200,95,100,107.5,,107.5,210,220,-230,,220,527.5,46,360.72,356.93,343.70,73.86,Yes,,,FIPL,IPF,2023-03-31,Italy,,S.Zenone al Lambro,6 gara nazionale classic senior M,Yes
Saverio Sciutto,M,SBD,Raw,29.5,24-34,24-39,Senior,79.85,83,180,190,200,,200,-105,110,115,,115,200,220,230,,230,545,37,376.22,372.51,358.96,76.94,Yes,,,FIPL,IPF,2023-03-31,Italy,,S.Zenone al Lambro,6 gara nazionale classic senior M,Yes
Olden Thames,M,SBD,Raw,37,35-39,24-39,Senior,118.67,120,240,257.5,270,,270,192.5,202.5,-207.5,,202.5,235,255,-260,,255,727.5,9,419.37,419.36,401.79,84.98,Yes,USA,,FIPL,IPF,2023-03-31,Italy,,S.Zenone al Lambro,6 gara nazionale classic senior M,Yes
Alessandro Bazzi,M,SBD,Raw,,,,Senior,87.4,93,152.5,162.5,170,,170,105,112.5,-115,,112.5,190,202.5,-215,,202.5,485,97,318.36,314.41,301.73,65.42,Yes,,,FIPL,IPF,2023-03-31,Italy,,S.Zenone al Lambro,6 gara nazionale classic senior M,Yes
Yuri Malatesti,M,SBD,Raw,30.5,24-34,24-39,Senior,91.06,93,185,195,-205,,195,120,127.5,132.5,,132.5,215,230,-240,,230,557.5,81,358.38,353.82,338.93,73.69,Yes,,,FIPL,IPF,2023-03-31,Italy,,S.Zenone al Lambro,6 gara nazionale classic senior M,Yes
Andrea Campodonico,M,SBD,Raw,25.5,24-34,24-39,Senior,95.7,105,195,205,215,,215,117.5,122.5,-125,,122.5,215,230,-240,,230,567.5,34,356.24,351.84,336.41,73.22,Yes,,,FIPL,IPF,2023-03-31,Italy,,S.Zenone al Lambro,6 gara nazionale classic senior M,Yes
Pierfrancesco Di Tria,M,SBD,Raw,36.5,35-39,24-39,Senior,90.56,93,210,-220,-225,,210,125,-132.5,-132.5,,125,200,-215,225,,225,560,80,360.97,356.38,341.47,74.22,Yes,,,FIPL,IPF,2023-03-31,Italy,,S.Zenone al Lambro,6 gara nazionale classic senior M,Yes
Davide Calzavara,M,SBD,Raw,,,,Senior,98.13,105,215,227.5,237.5,,237.5,157.5,165,170,,170,220,230,240,,240,647.5,18,401.86,397.12,379.43,82.54,Yes,,,FIPL,IPF,2023-03-31,Italy,,S.Zenone al Lambro,6 gara nazionale classic senior M,Yes
Edoardo Pieroni,M,SBD,Raw,29.5,24-34,24-39,Senior,91.63,93,230,237.5,242.5,,242.5,132.5,-137.5,140,,140,265,277.5,-290,,277.5,660,30,422.96,417.58,399.91,86.97,Yes,,,FIPL,IPF,2023-03-31,Italy,,S.Zenone al Lambro,6 gara nazionale classic senior M,Yes
Giuseppe De Cesare,M,SBD,Raw,,,,Senior,92.08,93,220,-232.5,232.5,,232.5,147.5,152.5,155,,155,-240,240,-255,,240,627.5,52,401.17,396.07,379.23,82.49,Yes,,,FIPL,IPF,2023-03-31,Italy,,S.Zenone al Lambro,6 gara nazionale classic senior M,Yes
Giorgio Di Dedda,M,SBD,Raw,26.5,24-34,24-39,Senior,91.44,93,220,230,235,,235,142.5,147.5,-152.5,,147.5,245,257.5,-267.5,,257.5,640,41,410.57,405.34,388.22,84.42,Yes,,,FIPL,IPF,2023-03-31,Italy,,S.Zenone al Lambro,6 gara nazionale classic senior M,Yes
Nicolò Gerosa,M,SBD,Raw,34.5,24-34,24-39,Senior,91.45,93,250,260,270,,270,-140,145,150,,150,265,275,-280,,275,695,16,445.83,440.15,421.55,91.67,Yes,,,FIPL,IPF,2023-03-31,Italy,,S.Zenone al Lambro,6 gara nazionale classic senior M,Yes
Olmo Gasperini,M,SBD,Raw,,,,Senior,74,74,190,-200,200,,200,140,145,-150,,145,-235,245,255,,255,600,12,434.19,431.59,417.26,88.09,Yes,,,FIPL,IPF,2023-03-31,Italy,,S.Zenone al Lambro,6 gara nazionale classic senior M,Yes
Matteo Carletti,M,SBD,Raw,25.5,24-34,24-39,Senior,79.87,83,147.5,-155,-155,,147.5,105,110,-115,,110,190,200,-210,,200,457.5,64,315.77,312.66,301.27,64.58,Yes,,,FIPL,IPF,2023-03-31,Italy,,S.Zenone al Lambro,6 gara nazionale classic senior M,Yes
Ares Anelli,M,SBD,Raw,34.5,24-34,24-39,Senior,81.96,83,160,170,180,,180,100,107.5,112.5,,112.5,175,187.5,200,,200,492.5,60,334.86,331.24,318.81,68.61,Yes,,,FIPL,IPF,2023-03-31,Italy,,S.Zenone al Lambro,6 gara nazionale classic senior M,Yes
Lorenzo Paganin,M,SBD,Raw,,,,Senior,81.84,83,190,200,-210,,200,105,110,115,,115,240,-250,250,,250,565,31,384.48,380.33,366.09,78.77,Yes,,,FIPL,IPF,2023-03-31,Italy,,S.Zenone al Lambro,6 gara nazionale classic senior M,Yes
Gianmarco Di Maggio,M,SBD,Raw,,,,Senior,84.48,93,160,172.5,180,,180,-117.5,125,130,,130,207.5,222.5,240,,240,550,84,367.67,363.36,349.24,75.46,Yes,,,FIPL,IPF,2023-03-31,Italy,,S.Zenone al Lambro,6 gara nazionale classic senior M,Yes
Michael Benedettini,M,SBD,Raw,,,,Senior,81.5,83,-187.5,195,205,,205,130,-135,-135,,130,210,225,240,,240,575,24,392.22,388.05,373.59,80.33,Yes,,,FIPL,IPF,2023-03-31,Italy,,S.Zenone al Lambro,6 gara nazionale classic senior M,Yes
Federico Scarpa,M,SBD,Raw,27,24-34,24-39,Senior,82.48,83,-200,200,-215,,200,115,125,-135,,125,200,220,-240,,220,545,40,369.23,365.15,351.35,75.68,Yes,,,FIPL,IPF,2023-03-31,Italy,,S.Zenone al Lambro,6 gara nazionale classic senior M,Yes
Manuel Lanuara,M,SBD,Raw,,,,Senior,81.72,83,-210,220,240,,240,135,140,-142.5,,140,240,250,-260,,250,630,12,429.07,424.47,408.60,87.90,Yes,,,FIPL,IPF,2023-03-31,Italy,,S.Zenone al Lambro,6 gara nazionale classic senior M,Yes
Elia Giannotti,M,SBD,Raw,27,24-34,24-39,Senior,87.77,93,250,-260,265,,265,145,152.5,-160,,152.5,255,265,275,,275,692.5,17,453.56,447.91,429.76,93.21,Yes,,,FIPL,IPF,2023-03-31,Italy,,S.Zenone al Lambro,6 gara nazionale classic senior M,Yes
Walter Piccione,M,SBD,Raw,28.5,24-34,24-39,Senior,82.15,83,220,232.5,240,,240,-147.5,150,-155,,150,272.5,-285,285,,285,675,5,458.35,453.34,436.29,93.93,Yes,,,FIPL,IPF,2023-03-31,Italy,,S.Zenone al Lambro,6 gara nazionale classic senior M,Yes
Fabio Mirolli,M,SBD,Raw,,,,Senior,72.04,74,157.5,167.5,175,,175,-110,-110,110,,110,170,182.5,190,,190,475,36,349.88,348.37,337.19,70.72,Yes,,,FIPL,IPF,2023-03-31,Italy,,S.Zenone al Lambro,6 gara nazionale classic senior M,Yes
Mattia Soma,M,SBD,Raw,24.5,24-34,24-39,Senior,79.46,83,-177.5,-177.5,177.5,,177.5,95,100,105,,105,190,205,217.5,,217.5,500,56,346.16,342.82,330.42,70.76,Yes,,,FIPL,IPF,2023-03-31,Italy,,S.Zenone al Lambro,6 gara nazionale classic senior M,Yes
Andrei Popescu,M,SBD,Raw,25.5,24-34,24-39,Senior,80.03,83,167.5,177.5,-185,,177.5,115,120,-130,,120,180,190,200,,200,497.5,59,342.97,339.56,327.17,70.15,Yes,,,FIPL,IPF,2023-03-31,Italy,,S.Zenone al Lambro,6 gara nazionale classic senior M,Yes
Federico Bianchi,M,SBD,Raw,25.5,24-34,24-39,Senior,72.93,74,162.5,172.5,-180,,172.5,105,110,-115,,110,177.5,192.5,-200,,192.5,475,37,347.03,345.26,334.00,70.26,Yes,,,FIPL,IPF,2023-03-31,Italy,,S.Zenone al Lambro,6 gara nazionale classic senior M,Yes
Dario Petrosino,M,SBD,Raw,,,,Senior,77.85,83,165,175,185,,185,125,130,132.5,,132.5,170,180,-190,,180,497.5,58,348.70,345.66,333.45,71.15,Yes,,,FIPL,IPF,2023-03-31,Italy,,S.Zenone al Lambro,6 gara nazionale classic senior M,Yes
Michele Ronzoni,M,SBD,Raw,28.5,24-34,24-39,Senior,73.63,74,165,177.5,185,,185,115,120,122.5,,122.5,185,200,-210,,200,507.5,31,368.45,366.36,354.27,74.70,Yes,,,FIPL,IPF,2023-03-31,Italy,,S.Zenone al Lambro,6 gara nazionale classic senior M,Yes
Francesc Costantino,M,SBD,Raw,,,,Senior,66,66,175,-182.5,182.5,,182.5,100,105,-107.5,,105,187.5,195,205,,205,492.5,17,385.89,386.71,375.77,76.77,Yes,,,FIPL,IPF,2023-03-31,Italy,,S.Zenone al Lambro,6 gara nazionale classic senior M,Yes
Matteo Pirajno,M,SBD,Raw,,,,Senior,64.76,66,-185,185,-195,,185,110,115,-120,,115,-220,230,240,,240,540,12,429.16,430.74,418.94,85.03,Yes,,,FIPL,IPF,2023-03-31,Italy,,S.Zenone al Lambro,6 gara nazionale classic senior M,Yes
Alberto Soldi,M,SBD,Raw,,,,Senior,72.98,74,210,217.5,-222.5,,217.5,-110,110,115,,115,250,262.5,-267.5,,262.5,595,13,434.50,432.27,418.16,87.98,Yes,,,FIPL,IPF,2023-03-31,Italy,,S.Zenone al Lambro,6 gara nazionale classic senior M,Yes
Lorenzo De Monte,M,SBD,Raw,25.5,24-34,24-39,Senior,63.5,66,160,170,175,,175,-85,85,90,,90,170,180,185,,185,450,29,363.04,364.99,355.34,71.60,Yes,,,FIPL,IPF,2023-03-31,Italy,,S.Zenone al Lambro,6 gara nazionale classic senior M,Yes
Stefano Chiabrando,M,SBD,Raw,25.5,24-34,24-39,Senior,58.59,59,150,-160,-160,,150,85,-90,-90,,85,180,-190,-202.5,,180,415,6,357.27,361.81,353.78,68.93,Yes,,,FIPL,IPF,2023-03-31,Italy,,S.Zenone al Lambro,6 gara nazionale classic senior M,Yes
Stefano Polisini,M,SBD,Raw,28.5,24-34,24-39,Senior,65.55,66,172.5,-180,-180,,172.5,115,120,-125,,120,225,-245,-245,,225,517.5,13,407.54,408.64,397.21,80.96,Yes,,,FIPL,IPF,2023-03-31,Italy,,S.Zenone al Lambro,6 gara nazionale classic senior M,Yes
Lorenzo Rossi,M,SBD,Raw,,,,Senior,91.42,93,230,237.5,245,,245,150,160,162.5,,162.5,250,-270,,,250,657.5,33,421.84,416.47,398.88,86.74,Yes,,,FIPL,IPF,2023-03-31,Italy,,S.Zenone al Lambro,6 gara nazionale classic senior M,Yes
Ruben Ilardi,M,SBD,Raw,,,,Senior,82.92,83,150,160,170,,170,120,-125,125,,125,185,195,205,,205,500,57,337.73,333.94,321.24,69.25,Yes,,,FIPL,IPF,2023-03-31,Italy,,S.Zenone al Lambro,6 gara nazionale classic senior M,Yes
Alessandro Arienti,M,SBD,Raw,23.5,24-34,24-39,Senior,82.34,83,200,210,220,,220,142.5,150,-155,,150,225,237.5,-250,,237.5,607.5,15,411.97,407.44,392.07,84.43,Yes,,,FIPL,IPF,2023-03-31,Italy,,S.Zenone al Lambro,6 gara nazionale classic senior M,Yes
Federico Sacco,M,SBD,Raw,24,24-34,24-39,Senior,82.65,83,235,247.5,252.5,,252.5,-152.5,157.5,162.5,,162.5,240,257.5,-270,,257.5,672.5,6,455.08,450.02,432.97,93.29,Yes,,,FIPL,IPF,2023-03-31,Italy,,S.Zenone al Lambro,6 gara nazionale classic senior M,Yes
Luca Polini,M,SBD,Raw,31.5,24-34,24-39,Senior,104.2,105,250,257.5,,,257.5,-155,155,160,,160,275,285,290,,290,707.5,9,428.02,423.92,404.78,87.66,Yes,,,FIPL,IPF,2023-03-31,Italy,,S.Zenone al Lambro,6 gara nazionale classic senior M,Yes
Giacomo Satta,M,SBD,Raw,26.5,24-34,24-39,Senior,73.2,74,-215,225,-235,,225,130,135,-140,,135,210,222.5,230,,230,590,14,430.00,427.71,413.70,87.11,Yes,,,FIPL,IPF,2023-03-31,Italy,,S.Zenone al Lambro,6 gara nazionale classic senior M,Yes
Benedetto Tognolli,M,SBD,Raw,30.5,24-34,24-39,Senior,117.5,120,250,-262.5,262.5,,262.5,150,157.5,160,,160,235,245,255,,255,677.5,12,391.87,391.49,375.00,79.49,Yes,,,FIPL,IPF,2023-03-31,Italy,,S.Zenone al Lambro,6 gara nazionale classic senior M,Yes
Federico Gamberini,M,SBD,Raw,28.5,24-34,24-39,Senior,100.37,105,250,-265,-270,,250,145,150,-155,,150,260,280,295,,295,695,10,427.10,422.35,403.37,87.65,Yes,,,FIPL,IPF,2023-03-31,Italy,,S.Zenone al Lambro,6 gara nazionale classic senior M,Yes
Mattia Bardoscia,M,SBD,Raw,26.5,24-34,24-39,Senior,81.33,83,180,-190,192.5,,192.5,-122.5,125,-130,,125,215,225,235,,235,552.5,35,377.33,373.34,359.46,77.27,Yes,,,FIPL,IPF,2023-03-31,Italy,,S.Zenone al Lambro,6 gara nazionale classic senior M,Yes
Danilo Camilleri,M,SBD,Raw,30,24-34,24-39,Senior,78.38,83,170,180,187.5,,187.5,100,105,-110,,105,195,207.5,220,,220,512.5,50,357.74,354.50,341.88,73.04,Yes,,,FIPL,IPF,2023-03-31,Italy,,S.Zenone al Lambro,6 gara nazionale classic senior M,Yes
Marco Padovani,M,SBD,Raw,,,,Senior,89.45,93,220,232.5,240,,240,160,167.5,172.5,,172.5,242.5,255,265,,265,677.5,25,439.43,433.87,415.93,90.34,Yes,,,FIPL,IPF,2023-03-31,Italy,,S.Zenone al Lambro,6 gara nazionale classic senior M,Yes
Andrea De Stefani,M,SBD,Raw,34.5,24-34,24-39,Senior,91.3,93,190,200,-210,,200,140,-145,-145,,140,230,245,-260,,245,585,68,375.57,370.79,355.15,77.22,Yes,,,FIPL,IPF,2023-03-31,Italy,,S.Zenone al Lambro,6 gara nazionale classic senior M,Yes
Sebastiano Santuari,M,SBD,Raw,28.5,24-34,24-39,Senior,85.53,93,215,222.5,230,,230,155,160,-165,,160,250,260,270,,270,660,29,438.25,432.98,415.93,89.99,Yes,,,FIPL,IPF,2023-03-31,Italy,,S.Zenone al Lambro,6 gara nazionale classic senior M,Yes
Massimiliano Perego,M,SBD,Raw,33.5,24-34,24-39,Senior,82.45,83,170,180,-190,,180,145,150,-152.5,,150,210,220,-225,,220,550,36,372.69,368.58,354.66,76.39,Yes,,,FIPL,IPF,2023-03-31,Italy,,S.Zenone al Lambro,6 gara nazionale classic senior M,Yes
Lorenzo Canossa,M,SBD,Raw,24,24-34,24-39,Senior,81.85,83,195,202.5,-205,,202.5,135,-140,140,,140,195,205,215,,215,557.5,33,379.35,375.26,361.20,77.72,Yes,,,FIPL,IPF,2023-03-31,Italy,,S.Zenone al Lambro,6 gara nazionale classic senior M,Yes
Nico Benini,M,SBD,Raw,,,,Senior,79.08,83,190,200,205,,205,130,137.5,142.5,,142.5,205,-220,230,,230,577.5,21,400.96,397.17,382.88,81.93,Yes,,,FIPL,IPF,2023-03-31,Italy,,S.Zenone al Lambro,6 gara nazionale classic senior M,Yes
Mirko Fetti,M,SBD,Raw,25.5,24-34,24-39,Senior,104.15,105,-220,220,-222.5,,220,145,150,155,,155,230,242.5,252.5,,252.5,627.5,26,379.69,376.05,359.07,77.77,Yes,,,FIPL,IPF,2023-03-31,Italy,,S.Zenone al Lambro,6 gara nazionale classic senior M,Yes
Ismail Donghi,M,SBD,Raw,25.5,24-34,24-39,Senior,115.85,120,220,235,-245,,235,120,125,130,,130,260,275,-290,,275,640,16,371.99,371.15,355.37,75.56,Yes,,,FIPL,IPF,2023-03-31,Italy,,S.Zenone al Lambro,6 gara nazionale classic senior M,Yes
Luca Cavazzini,M,SBD,Raw,33.5,24-34,24-39,Senior,121.01,120+,230,242.5,250,,250,147.5,155,160,,160,255,265,-270,,265,675,2,386.58,387.33,371.16,78.18,Yes,,,FIPL,IPF,2023-03-31,Italy,,S.Zenone al Lambro,6 gara nazionale classic senior M,Yes
Amedeo Codispoti,M,SBD,Raw,25.5,24-34,24-39,Senior,95.4,105,165,175,-180,,175,105,110,-115,,110,195,205,215,,215,500,42,314.32,310.43,296.84,64.61,Yes,,,FIPL,IPF,2023-03-31,Italy,,S.Zenone al Lambro,6 gara nazionale classic senior M,Yes
Filippo Pulcinelli,M,SBD,Raw,26.5,24-34,24-39,Senior,104.37,105,215,230,240,,240,140,-145,147.5,,147.5,230,250,-255,,250,637.5,23,385.41,381.75,364.52,78.93,Yes,,,FIPL,IPF,2023-03-31,Italy,,S.Zenone al Lambro,6 gara nazionale classic senior M,Yes
Andrea Camisasca,M,SBD,Raw,34.5,24-34,24-39,Senior,97.22,105,210,220,225,,225,162.5,170,175,,175,200,225,-235,,225,625,28,389.52,384.83,367.78,80.03,Yes,,,FIPL,IPF,2023-03-31,Italy,,S.Zenone al Lambro,6 gara nazionale classic senior M,Yes
Mattia Repetto,M,SBD,Raw,27.5,24-34,24-39,Senior,109.01,120,210,225,235,,235,162.5,-170,170,,170,225,240,255,,255,660,14,392.24,389.50,372.17,80.09,Yes,,,FIPL,IPF,2023-03-31,Italy,,S.Zenone al Lambro,6 gara nazionale classic senior M,Yes
Patrick Terenzi,M,SBD,Raw,30.5,24-34,24-39,Senior,88.17,93,170,-180,187.5,,187.5,107.5,-112.5,-112.5,,107.5,225,240,-250,,240,535,91,349.58,345.20,331.14,71.85,Yes,,,FIPL,IPF,2023-03-31,Italy,,S.Zenone al Lambro,6 gara nazionale classic senior M,Yes
Mikolaj Ziober,M,SBD,Raw,26.5,24-34,24-39,Senior,99.79,105,160,167.5,-172.5,,167.5,120,130,-135,,130,170,180,190,,190,487.5,43,300.34,296.94,283.62,61.65,Yes,,,FIPL,IPF,2023-03-31,Italy,,S.Zenone al Lambro,6 gara nazionale classic senior M,Yes
Davide Boccia,M,SBD,Raw,27.5,24-34,24-39,Senior,91.14,93,-172.5,182.5,-195,,182.5,140,147.5,-152.5,,147.5,230,242.5,257.5,,257.5,587.5,66,377.50,372.69,357.00,77.62,Yes,,,FIPL,IPF,2023-03-31,Italy,,S.Zenone al Lambro,6 gara nazionale classic senior M,Yes
Enrico Mazzi,M,SBD,Raw,29,24-34,24-39,Senior,83.6,93,165,175,-182.5,,175,107.5,112.5,115,,115,210,225,-240,,225,515,95,346.27,342.31,329.17,71.03,Yes,,,FIPL,IPF,2023-03-31,Italy,,S.Zenone al Lambro,6 gara nazionale classic senior M,Yes
Giacomo Sargentini,M,SBD,Raw,25.5,24-34,24-39,Senior,98.41,105,215,230,-240,,230,132.5,140,147.5,,147.5,235,250,260,,260,637.5,21,395.16,390.52,373.10,81.15,Yes,,,FIPL,IPF,2023-03-31,Italy,,S.Zenone al Lambro,6 gara nazionale classic senior M,Yes
Enrico Bortolotto,M,SBD,Raw,30.5,24-34,24-39,Senior,89.65,93,225,235,-242.5,,235,150,155,-160,,155,240,255,265,,265,655,35,424.36,418.98,401.62,87.24,Yes,,,FIPL,IPF,2023-03-31,Italy,,S.Zenone al Lambro,6 gara nazionale classic senior M,Yes
Gabriele Colangelo,M,SBD,Raw,32.5,24-34,24-39,Senior,81.59,83,195,202.5,-207.5,,202.5,120,-125,-125,,120,220,240,255,,255,577.5,22,393.68,389.47,374.94,80.64,Yes,,,FIPL,IPF,2023-03-31,Italy,,S.Zenone al Lambro,6 gara nazionale classic senior M,Yes
Alberto Mattanza,M,SBD,Raw,27.5,24-34,24-39,Senior,81.33,83,220,-235,235,,235,130,135,-137.5,,135,230,240,-245,,240,610,14,416.60,412.20,396.87,85.31,Yes,,,FIPL,IPF,2023-03-31,Italy,,S.Zenone al Lambro,6 gara nazionale classic senior M,Yes
Guido Barbarotto,M,SBD,Raw,26.5,24-34,24-39,Senior,81.86,83,-240,240,-252.5,,240,150,-155,155,,155,250,260,270,,270,665,8,452.47,447.58,430.82,92.70,Yes,,,FIPL,IPF,2023-03-31,Italy,,S.Zenone al Lambro,6 gara nazionale classic senior M,Yes
Gianluca De Carlo,M,SBD,Raw,27.5,24-34,24-39,Senior,90.5,93,247.5,260,270,,270,162.5,-167.5,167.5,,167.5,250,-265,-265,,250,687.5,18,443.30,437.67,419.36,91.15,Yes,,,FIPL,IPF,2023-03-31,Italy,,S.Zenone al Lambro,6 gara nazionale classic senior M,Yes
Davide Bonafede,M,SBD,Raw,27.5,24-34,24-39,Senior,72.4,74,150,160,-165,,160,95,100,105,,105,180,200,-202.5,,200,465,38,341.37,339.79,328.81,69.05,Yes,,,FIPL,IPF,2023-03-31,Italy,,S.Zenone al Lambro,6 gara nazionale classic senior M,Yes
Carlo Marcantonio,M,SBD,Raw,31.5,24-34,24-39,Senior,77.91,83,180,190,-200,,190,-102.5,-107.5,107.5,,107.5,215,-230,-230,,215,512.5,49,359.05,355.90,343.32,73.27,Yes,,,FIPL,IPF,2023-03-31,Italy,,S.Zenone al Lambro,6 gara nazionale classic senior M,Yes
Alex Minetto,M,SBD,Raw,32.5,24-34,24-39,Senior,79.39,83,180,190,-195,,190,152.5,-157.5,-157.5,,152.5,220,230,-235,,230,572.5,25,396.56,392.75,378.55,81.06,Yes,,,FIPL,IPF,2023-03-31,Italy,,S.Zenone al Lambro,6 gara nazionale classic senior M,Yes
Carlo Maria Terrusi,M,SBD,Raw,35.5,35-39,24-39,Senior,59,59,135,142.5,147.5,,147.5,95,-100,-105,,95,160,-170,180,,180,422.5,5,361.61,365.96,357.70,69.91,Yes,,,FIPL,IPF,2023-03-31,Italy,,S.Zenone al Lambro,6 gara nazionale classic senior M,Yes
Christian Marcia,M,SBD,Raw,23.5,24-34,24-39,Senior,95.29,105,240,252.5,-260,,252.5,135,-145,-145,,135,260,-280,-280,,260,647.5,17,407.26,402.21,384.62,83.71,Yes,,,FIPL,IPF,2023-03-31,Italy,,S.Zenone al Lambro,6 gara nazionale classic senior M,Yes
Luca Melluzzo,M,SBD,Raw,24.5,24-34,24-39,Senior,92.92,93,220,-232.5,-232.5,,220,160,-165,-165,,160,220,-232.5,232.5,,232.5,612.5,59,389.87,384.92,368.42,80.16,Yes,Italy,,FIPL,IPF,2023-03-31,Italy,,S.Zenone al Lambro,6 gara nazionale classic senior M,Yes
Carlo Passiu,M,SBD,Raw,,,,Senior,98.42,105,-240,240,-250,,240,147.5,155,160,,160,-260,260,275,,275,675,13,418.38,413.47,395.03,85.92,Yes,Italy,,FIPL,IPF,2023-03-31,Italy,,S.Zenone al Lambro,6 gara nazionale classic senior M,Yes
Andrea Matisi,M,SBD,Raw,,,,Senior,91.08,93,262.5,-270,-270,,262.5,-162.5,162.5,-167.5,,162.5,245,255,262.5,,262.5,687.5,19,441.90,436.27,417.91,90.86,Yes,Italy,,FIPL,IPF,2023-03-31,Italy,,S.Zenone al Lambro,6 gara nazionale classic senior M,Yes
Leonardo Campriani,M,SBD,Raw,24.5,24-34,24-39,Senior,76.76,83,210,220,-230,,220,147.5,155,160,,160,205,215,220,,220,600,16,424.21,420.80,406.19,86.43,Yes,Italy,,FIPL,IPF,2023-03-31,Italy,,S.Zenone al Lambro,6 gara nazionale classic senior M,Yes
Calogero Provenzano,M,SBD,Raw,,,,Senior,87.89,93,170,177.5,-185,,177.5,117.5,122.5,-125,,122.5,227.5,240,-247.5,,240,540,87,353.43,349.02,334.85,72.64,Yes,Italy,,FIPL,IPF,2023-03-31,Italy,,S.Zenone al Lambro,6 gara nazionale classic senior M,Yes
Simone Abrescia,M,SBD,Raw,38.5,35-39,24-39,Senior,91.08,93,192.5,205,215,,215,142.5,-150,-155,,142.5,220,232.5,242.5,,242.5,600,62,385.66,380.75,364.72,79.30,Yes,Italy,,FIPL,IPF,2023-03-31,Italy,,S.Zenone al Lambro,6 gara nazionale classic senior M,Yes
Corrado Botta,M,SBD,Raw,29.5,24-34,24-39,Senior,96.74,105,225,237.5,245,,245,172.5,180,-185,,180,265,282.5,295,,295,720,8,449.73,444.27,424.65,92.41,Yes,Italy,,FIPL,IPF,2023-03-31,Italy,,S.Zenone al Lambro,6 gara nazionale classic senior M,Yes
Davide Pedruzzi,M,SBD,Raw,27.5,24-34,24-39,Senior,88.09,93,200,210,217.5,,217.5,110,115,120,,120,210,220,230,,230,567.5,75,370.99,366.35,351.44,76.25,Yes,Italy,,FIPL,IPF,2023-03-31,Italy,,S.Zenone al Lambro,6 gara nazionale classic senior M,Yes
Maikol Nosenzo,M,SBD,Raw,26.5,24-34,24-39,Senior,73.69,74,215,-225,225,,225,107.5,115,120,,120,245,255,-265,,255,600,11,435.38,432.88,418.58,88.28,Yes,Italy,,FIPL,IPF,2023-03-31,Italy,,S.Zenone al Lambro,6 gara nazionale classic senior M,Yes
Luca Salani,M,SBD,Raw,30.5,24-34,24-39,Senior,65.06,66,200,-207.5,-207.5,,200,117.5,122.5,-125,,122.5,205,212.5,220,,220,542.5,11,429.64,431.06,419.16,85.21,Yes,Italy,,FIPL,IPF,2023-03-31,Italy,,S.Zenone al Lambro,6 gara nazionale classic senior M,Yes
Luca Lombardi,M,SBD,Raw,25.5,24-34,24-39,Senior,97.4,105,230,-242.5,242.5,,242.5,145,150,-155,,150,265,280,-290,,280,672.5,14,418.78,413.75,395.40,86.03,Yes,,,FIPL,IPF,2023-03-31,Italy,,S.Zenone al Lambro,6 gara nazionale classic senior M,Yes
Federico Disarò,M,SBD,Raw,24.5,24-34,24-39,Senior,73.52,74,220,230,237.5,,237.5,145,-152.5,152.5,,152.5,240,-250,-250,,240,630,6,457.84,455.27,440.28,92.80,Yes,Italy,,FIPL,IPF,2023-03-31,Italy,,S.Zenone al Lambro,6 gara nazionale classic senior M,Yes
Mattia Zaninetti,M,SBD,Raw,25,24-34,24-39,Senior,73.68,74,180,195,-202.5,,195,125,-130,130,,130,215,230,-245,,230,555,21,402.76,400.45,387.23,81.66,Yes,,,FIPL,IPF,2023-03-31,Italy,,S.Zenone al Lambro,6 gara nazionale classic senior M,Yes
Cristian Del Galdo,M,SBD,Raw,24.5,24-34,24-39,Senior,73.24,74,190,202.5,212.5,,212.5,105,-112.5,-115,,105,240,260,-282.5,,260,577.5,17,420.74,418.48,404.76,85.24,Yes,Italy,,FIPL,IPF,2023-03-31,Italy,,S.Zenone al Lambro,6 gara nazionale classic senior M,Yes
Amos Siracusa,M,SBD,Raw,24.5,24-34,24-39,Senior,63.87,66,152.5,160,165,,165,105,110,-112.5,,110,190,197.5,-205,,197.5,472.5,23,379.49,381.34,371.15,74.95,Yes,Italy,,FIPL,IPF,2023-03-31,Italy,,S.Zenone al Lambro,6 gara nazionale classic senior M,Yes
Michele Nebiante,M,SBD,Raw,33.5,24-34,24-39,Senior,91.31,93,205,215,225,,225,140,145,-150,,145,230,245,260,,260,630,50,404.43,399.29,382.44,83.16,Yes,,,FIPL,IPF,2023-03-31,Italy,,S.Zenone al Lambro,6 gara nazionale classic senior M,Yes
Giacomo Rossi,M,SBD,Raw,,,,Senior,72.55,74,-170,170,177.5,,177.5,117.5,122.5,-125,,122.5,215,225,-232.5,,225,525,26,384.89,383.05,370.65,77.87,Yes,Italy,,FIPL,IPF,2023-03-31,Italy,,S.Zenone al Lambro,6 gara nazionale classic senior M,Yes
Luigi Diretto,M,SBD,Raw,30.5,24-34,24-39,Senior,102.66,105,-200,212.5,-225,,212.5,-105,-110,110,,110,215,230,-240,,230,552.5,36,336.30,332.85,317.83,68.94,Yes,,,FIPL,IPF,2023-03-31,Italy,,S.Zenone al Lambro,6 gara nazionale classic senior M,Yes
Nicola March,M,SBD,Raw,29.5,24-34,24-39,Senior,92.01,93,205,215,-225,,215,117.5,125,-130,,125,225,-237.5,245,,245,585,69,374.14,369.38,353.69,76.93,Yes,,,FIPL,IPF,2023-03-31,Italy,,S.Zenone al Lambro,6 gara nazionale classic senior M,Yes
Samuele Ingui',M,SBD,Raw,27.5,24-34,24-39,Senior,72.58,74,180,190,200,,200,110,117.5,122.5,,122.5,185,195,-200,,195,517.5,28,379.29,377.47,365.24,76.74,Yes,,,FIPL,IPF,2023-03-31,Italy,,S.Zenone al Lambro,6 gara nazionale classic senior M,Yes
Alberto Zaramella,M,SBD,Raw,24.5,24-34,24-39,Senior,81.87,83,220,-240,240,,240,130,140,-150,,140,260,280,-300,,280,660,9,449.03,444.19,427.54,92.00,Yes,Italy,,FIPL,IPF,2023-03-31,Italy,,S.Zenone al Lambro,6 gara nazionale classic senior M,Yes
Damiano Marconi,M,SBD,Raw,30.5,24-34,24-39,Senior,92.01,93,217.5,-230,-235,,217.5,145,152.5,-157.5,,152.5,240,255,-272.5,,255,625,53,399.72,394.64,377.87,82.19,Yes,,,FIPL,IPF,2023-03-31,Italy,,S.Zenone al Lambro,6 gara nazionale classic senior M,Yes
Andrea Bernabucci,M,SBD,Raw,32,24-34,24-39,Senior,90.72,93,230,240,-245,,240,160,-170,-170,,160,270,285,-300,,285,685,20,441.16,435.55,417.28,90.71,Yes,Italy,,FIPL,IPF,2023-03-31,Italy,,S.Zenone al Lambro,6 gara nazionale classic senior M,Yes
Michele Fois,M,SBD,Raw,25.5,24-34,24-39,Senior,73.06,74,180,190,-200,,190,107.5,112.5,117.5,,117.5,170,190,,,190,497.5,32,363.04,361.15,349.35,73.52,Yes,,,FIPL,IPF,2023-03-31,Italy,,S.Zenone al Lambro,6 gara nazionale classic senior M,Yes
Alessandro Cozzolino,M,SBD,Raw,27.5,24-34,24-39,Senior,99.1,105,180,190,200,,200,125,132.5,140,,140,250,265,-280,,265,605,31,373.86,369.54,353.01,76.76,Yes,,,FIPL,IPF,2023-03-31,Italy,,S.Zenone al Lambro,6 gara nazionale classic senior M,Yes
Mustafà Eskinoglu,M,SBD,Raw,27.5,24-34,24-39,Senior,81.46,83,180,190,-200,,190,120,127.5,-132.5,,127.5,210,227.5,-237.5,,227.5,545,39,371.86,367.91,354.21,76.16,Yes,,,FIPL,IPF,2023-03-31,Italy,,S.Zenone al Lambro,6 gara nazionale classic senior M,Yes
Mauro Chillotti,M,SBD,Raw,28.5,24-34,24-39,Senior,113.75,120,275,-290,295,,295,-185,185,-190,,185,282.5,295,-302.5,,295,775,3,453.39,451.65,432.16,92.25,Yes,,,FIPL,IPF,2023-03-31,Italy,,S.Zenone al Lambro,6 gara nazionale classic senior M,Yes
Matteo Lipari,M,SBD,Raw,28.5,24-34,24-39,Senior,95.14,105,215,225,235,,235,147.5,152.5,-157.5,,152.5,240,255,265,,265,652.5,16,410.71,405.60,387.89,84.42,Yes,,,FIPL,IPF,2023-03-31,Italy,,S.Zenone al Lambro,6 gara nazionale classic senior M,Yes
Stefano Paggio,M,SBD,Raw,29.5,24-34,24-39,Senior,100.93,105,237.5,-250,-255,,237.5,140,145,-147.5,,145,240,250,-255,,250,632.5,24,387.77,383.53,366.27,79.55,Yes,Italy,,FIPL,IPF,2023-03-31,Italy,,S.Zenone al Lambro,6 gara nazionale classic senior M,Yes
Andrea Scaburri,M,SBD,Raw,23.5,24-34,24-39,Senior,73.04,74,170,177.5,182.5,,182.5,105,-110,-110,,105,220,235,-242.5,,235,522.5,27,381.35,379.37,366.98,77.23,Yes,Italy,,FIPL,IPF,2023-03-31,Italy,,S.Zenone al Lambro,6 gara nazionale classic senior M,Yes
Helin Yang,M,SBD,Raw,24.5,24-34,24-39,Senior,73.33,74,160,-167.5,-167.5,,160,102.5,107.5,-110,,107.5,172.5,180,-185,,180,447.5,42,325.76,323.99,313.35,66.01,Yes,,,FIPL,IPF,2023-03-31,Italy,,S.Zenone al Lambro,6 gara nazionale classic senior M,Yes
Fabio Strati,M,SBD,Raw,26.5,24-34,24-39,Senior,86.63,93,-185,195,205,,205,125,132.5,140,,140,195,210,222.5,,222.5,567.5,73,374.26,369.67,354.90,76.89,Yes,,,FIPL,IPF,2023-03-31,Italy,,S.Zenone al Lambro,6 gara nazionale classic senior M,Yes
Francesco Lefosse,M,SBD,Raw,24.5,24-34,24-39,Senior,88.76,93,210,222.5,230,,230,-147.5,147.5,-155,,147.5,240,255,-265,,255,632.5,49,411.87,406.68,390.00,84.66,Yes,,,FIPL,IPF,2023-03-31,Italy,,S.Zenone al Lambro,6 gara nazionale classic senior M,Yes
Denys Parfenyuk,M,SBD,Raw,25.5,24-34,24-39,Senior,92.3,93,237.5,245,250,,250,162.5,170,-175,,170,260,-280,-280,,260,680,24,434.23,428.72,410.45,89.29,Yes,,,FIPL,IPF,2023-03-31,Italy,,S.Zenone al Lambro,6 gara nazionale classic senior M,Yes
Vito Todisco,M,SBD,Raw,31,24-34,24-39,Senior,76.35,83,190,197.5,-202.5,,197.5,105,-112.5,-112.5,,105,225,-235,-242.5,,225,527.5,45,374.20,371.30,358.49,76.20,Yes,Italy,,FIPL,IPF,2023-03-31,Italy,,S.Zenone al Lambro,6 gara nazionale classic senior M,Yes
Stefano Cozzolino,M,SBD,Raw,23.5,24-34,24-39,Senior,104.9,105,-190,200,210,,210,117.5,125,130,,130,265,282.5,-300,,282.5,622.5,29,375.57,372.10,355.32,76.89,Yes,,,FIPL,IPF,2023-03-31,Italy,,S.Zenone al Lambro,6 gara nazionale classic senior M,Yes
Salvatore D'Urso,M,SBD,Raw,30.5,24-34,24-39,Senior,101.2,105,-235,242.5,250,,250,130,137.5,140,,140,235,245,255,,255,645,20,394.98,390.70,373.10,81.02,Yes,,,FIPL,IPF,2023-03-31,Italy,,S.Zenone al Lambro,6 gara nazionale classic senior M,Yes
Matteo Mazzetto,M,SBD,Raw,34.5,24-34,24-39,Senior,87.37,93,195,-205,,,195,130,140,150,,150,240,260,275,,275,620,55,407.05,402.00,385.79,83.64,Yes,,,FIPL,IPF,2023-03-31,Italy,,S.Zenone al Lambro,6 gara nazionale classic senior M,Yes
Leonardo Pompei,M,SBD,Raw,28,24-34,24-39,Senior,81.45,83,-212.5,222.5,230,,230,140,150,157.5,,157.5,240,255,265,,265,652.5,10,445.24,440.52,424.11,91.19,Yes,,,FIPL,IPF,2023-03-31,Italy,,S.Zenone al Lambro,6 gara nazionale classic senior M,Yes
Francesco Benà,M,SBD,Raw,26.5,24-34,24-39,Senior,90.75,93,190,200,210,,210,135,142.5,-147.5,,142.5,-245,260,270,,270,622.5,54,400.84,395.74,379.14,82.42,Yes,,,FIPL,IPF,2023-03-31,Italy,,S.Zenone al Lambro,6 gara nazionale classic senior M,Yes
Elias Lovo,M,SBD,Raw,28.5,24-34,24-39,Senior,114.88,120,275,287.5,-295,,287.5,147.5,155,-160,,155,280,297.5,310,,310,752.5,6,438.68,437.36,418.64,89.17,Yes,,,FIPL,IPF,2023-03-31,Italy,,S.Zenone al Lambro,6 gara nazionale classic senior M,Yes
Davide Bonetto,M,SBD,Raw,33.5,24-34,24-39,Senior,119.05,120,260,270,-280,,270,165,175,180,,180,290,310,-327.5,,310,760,5,437.64,437.76,419.45,88.65,Yes,,,FIPL,IPF,2023-03-31,Italy,,S.Zenone al Lambro,6 gara nazionale classic senior M,Yes
Danilo Iorio,M,SBD,Raw,29.5,24-34,24-39,Senior,92.15,93,210,225,240,,240,137.5,-145,-150,,137.5,240,260,275,,275,652.5,38,417.00,411.70,394.18,85.74,Yes,,,FIPL,IPF,2023-03-31,Italy,,S.Zenone al Lambro,6 gara nazionale classic senior M,Yes
Andrea Vitiello,M,SBD,Raw,31.5,24-34,24-39,Senior,118.55,120,-275,285,295,,295,160,167.5,170,,170,275,-290,-292.5,,275,740,8,426.72,426.67,408.79,86.48,Yes,,,FIPL,IPF,2023-03-31,Italy,,S.Zenone al Lambro,6 gara nazionale classic senior M,Yes
Vittorio Giubertoni,M,SBD,Raw,34,24-34,24-39,Senior,104.75,105,270,285,292.5,,292.5,150,155,-157.5,,155,282.5,-302.5,325,,325,772.5,4,466.34,462.00,441.16,95.48,Yes,,,FIPL,IPF,2023-03-31,Italy,,S.Zenone al Lambro,6 gara nazionale classic senior M,Yes
Vincenzo Zara,M,SBD,Raw,27,24-34,24-39,Senior,70.27,74,195,205,-215,,205,125,132.5,-135,,132.5,220,235,242.5,,242.5,580,16,434.51,433.37,419.91,87.48,Yes,Italy,,FIPL,IPF,2023-03-31,Italy,,S.Zenone al Lambro,6 gara nazionale classic senior M,Yes
Stefano Caneo,M,SBD,Raw,35.5,35-39,24-39,Senior,65.19,66,190,200,205,,205,120,127.5,132.5,,132.5,225,235,-245,,235,572.5,6,452.72,454.14,441.56,89.83,Yes,Italy,,FIPL,IPF,2023-03-31,Italy,,S.Zenone al Lambro,6 gara nazionale classic senior M,Yes
Massimo Burattin,M,SBD,Raw,32,24-34,24-39,Senior,92.65,93,270,287.5,-292.5,,287.5,172.5,-180,180,,180,275,-297.5,297.5,,297.5,765,4,487.62,481.43,460.85,100.26,Yes,,,FIPL,IPF,2023-03-31,Italy,,S.Zenone al Lambro,6 gara nazionale classic senior M,Yes
Stefano Castro Florio,M,SBD,Raw,27.5,24-34,24-39,Senior,73.13,74,-215,222.5,-235,,222.5,140,147.5,150,,150,240,255,262.5,,262.5,635,5,463.09,460.64,445.57,93.80,Yes,Italy,,FIPL,IPF,2023-03-31,Italy,,S.Zenone al Lambro,6 gara nazionale classic senior M,Yes
Matteo Fiumara,M,SBD,Raw,23,20-23,24-39,Senior,59,59,162.5,-170,-172.5,,162.5,92.5,97.5,102.5,,102.5,187.5,195,202.5,,202.5,467.5,2,400.12,404.94,395.80,77.36,Yes,,,FIPL,IPF,2023-03-31,Italy,,S.Zenone al Lambro,6 gara nazionale classic senior M,Yes
Daniel Tait,M,SBD,Raw,34.5,24-34,24-39,Senior,112.91,120,182.5,190,200,,200,137.5,-142.5,-142.5,,137.5,235,245,250,,250,587.5,17,344.62,343.09,328.19,70.16,Yes,,,FIPL,IPF,2023-03-31,Italy,,S.Zenone al Lambro,6 gara nazionale classic senior M,Yes
Simone Gargantini,M,SBD,Raw,30.5,24-34,24-39,Senior,92.79,93,225,240,250,,250,160,165,-170,,165,250,270,-285,,270,685,22,436.31,430.77,412.33,89.71,Yes,Italy,,FIPL,IPF,2023-03-31,Italy,,S.Zenone al Lambro,6 gara nazionale classic senior M,Yes
Gabriele Verga,M,SBD,Raw,28,24-34,24-39,Senior,103.42,105,250,260,270,,270,180,187.5,-192.5,,187.5,290,312.5,-330,,312.5,770,5,467.26,462.62,441.73,95.74,Yes,Italy,,FIPL,IPF,2023-03-31,Italy,,S.Zenone al Lambro,6 gara nazionale classic senior M,Yes
Federico Garavaglia,M,SBD,Raw,28.5,24-34,24-39,Senior,79.74,83,185,195,205,,205,120,125,-132.5,,125,215,225,-227.5,,225,555,34,383.43,379.68,365.88,78.41,Yes,,,FIPL,IPF,2023-03-31,Italy,,S.Zenone al Lambro,6 gara nazionale classic senior M,Yes
Mattia D'Alessandro,M,SBD,Raw,32.5,24-34,24-39,Senior,80.99,83,190,200,-207.5,,200,137.5,145,-147.5,,145,220,232.5,240,,240,585,20,400.49,396.32,381.66,81.99,Yes,,,FIPL,IPF,2023-03-31,Italy,,S.Zenone al Lambro,6 gara nazionale classic senior M,Yes
Vincenzo Cassarà,M,SBD,Raw,33.5,24-34,24-39,Senior,65.09,66,162.5,172.5,-180,,172.5,105,112.5,120,,120,185,200,-207.5,,200,492.5,16,389.91,391.18,380.37,77.34,Yes,,,FIPL,IPF,2023-03-31,Italy,,S.Zenone al Lambro,6 gara nazionale classic senior M,Yes
Riccardo Meloncelli,M,SBD,Raw,23.5,24-34,24-39,Senior,111.16,120,240,255,-265,,255,150,160,-165,,160,-295,295,-333.5,,295,710,11,418.87,416.51,398.21,85.39,Yes,Italy,,FIPL,IPF,2023-03-31,Italy,,S.Zenone al Lambro,6 gara nazionale classic senior M,Yes
Andrea Pileggi,M,SBD,Raw,27.5,24-34,24-39,Senior,88.69,93,222.5,240,252.5,,252.5,165,175,182.5,,182.5,235,252.5,262.5,,262.5,697.5,15,454.38,448.66,430.28,93.40,Yes,,,FIPL,IPF,2023-03-31,Italy,,S.Zenone al Lambro,6 gara nazionale classic senior M,Yes
Simone Marsilio,M,SBD,Raw,27.5,24-34,24-39,Senior,81.31,83,170,180,-185,,180,120,125,127.5,,127.5,245,-255,260,,260,567.5,29,387.63,383.54,369.28,79.38,Yes,UAE,,FIPL,IPF,2023-03-31,Italy,,S.Zenone al Lambro,6 gara nazionale classic senior M,Yes
Riccardo Barboni,M,SBD,Raw,24.5,24-34,24-39,Senior,91.85,93,220,232.5,240,,240,140,147.5,152.5,,152.5,240,255,265,,265,657.5,34,420.87,415.51,397.89,86.54,Yes,Italy,,FIPL,IPF,2023-03-31,Italy,,S.Zenone al Lambro,6 gara nazionale classic senior M,Yes
Matteo Richichi,M,SBD,Raw,23.5,24-34,24-39,Senior,82.26,83,257.5,-270,-270,,257.5,162.5,167.5,-170,,167.5,270,290,-300,,290,715,3,485.14,479.82,461.74,99.42,Yes,Italy,,FIPL,IPF,2023-03-31,Italy,,S.Zenone al Lambro,6 gara nazionale classic senior M,Yes
Luca Domizio,M,SBD,Raw,25.5,24-34,24-39,Senior,90.91,93,215,225,230,,230,142.5,150,-155,,150,217.5,227.5,235,,235,615,58,395.66,390.63,374.22,81.36,Yes,,,FIPL,IPF,2023-03-31,Italy,,S.Zenone al Lambro,6 gara nazionale classic senior M,Yes
Andrea Maiolino,M,SBD,Raw,25,24-34,24-39,Senior,73.09,74,200,205,,,205,125,127.5,130,,130,230,-240,,,230,565,19,412.19,410.03,396.62,83.48,Yes,Italy,,FIPL,IPF,2023-03-31,Italy,,S.Zenone al Lambro,6 gara nazionale classic senior M,Yes
Carmelo Fratacci,M,SBD,Raw,33.5,24-34,24-39,Senior,62.33,66,130,135,142.5,,142.5,92.5,97.5,-100,,97.5,155,165,180,,180,420,33,343.80,346.20,337.37,67.49,Yes,,,FIPL,IPF,2023-03-31,Italy,,S.Zenone al Lambro,6 gara nazionale classic senior M,Yes
Giacomo Bindi,M,SBD,Raw,35.5,35-39,24-39,Senior,65.18,66,140,147.5,150,,150,-115,117.5,125,,125,155,165,175,,175,450,30,355.89,357.01,347.12,70.61,Yes,,,FIPL,IPF,2023-03-31,Italy,,S.Zenone al Lambro,6 gara nazionale classic senior M,Yes
Paolo Baccifava,M,SBD,Raw,34.5,24-34,24-39,Senior,72.49,74,180,-190,,,180,97.5,105,-110,,105,70,,,,70,355,46,260.40,259.17,250.79,52.68,Yes,,,FIPL,IPF,2023-03-31,Italy,,S.Zenone al Lambro,6 gara nazionale classic senior M,Yes
Steven Amariles,M,SBD,Raw,26.5,24-34,24-39,Senior,92.39,93,245,-255,-255,,245,140,147.5,-150,,147.5,260,-280,-280,,260,652.5,39,416.48,411.18,393.65,85.64,Yes,,,FIPL,IPF,2023-03-31,Italy,,S.Zenone al Lambro,6 gara nazionale classic senior M,Yes
Simone Pinto,M,SBD,Raw,36.5,35-39,24-39,Senior,76.15,83,180,-195,195,,195,130,140,-147.5,,140,245,252.5,260,,260,595,17,422.77,419.56,405.13,86.07,Yes,Italy,,FIPL,IPF,2023-03-31,Italy,,S.Zenone al Lambro,6 gara nazionale classic senior M,Yes
Angelo Velardi,M,SBD,Raw,31.5,24-34,24-39,Senior,82.31,83,215,222.5,230,,230,140,-150,150,,150,245,255,265,,265,645,11,437.49,432.69,416.37,89.66,Yes,,,FIPL,IPF,2023-03-31,Italy,,S.Zenone al Lambro,6 gara nazionale classic senior M,Yes
Riccardo Zanti,M,SBD,Raw,30.5,24-34,24-39,Senior,98.81,105,255,270,277.5,,277.5,162.5,170,-175,,170,280,300,320,,320,767.5,6,474.88,469.37,448.40,97.51,Yes,,,FIPL,IPF,2023-03-31,Italy,,S.Zenone al Lambro,6 gara nazionale classic senior M,Yes
Andrea Di Matteo,M,SBD,Raw,33.5,24-34,24-39,Senior,73.94,74,207.5,-220,220,,220,135,142.5,-147.5,,142.5,235,250,-260,,250,612.5,9,443.47,440.83,426.21,89.96,Yes,,,FIPL,IPF,2023-03-31,Italy,,S.Zenone al Lambro,6 gara nazionale classic senior M,Yes
Lorenzo Cerveri,M,SBD,Raw,27.5,24-34,24-39,Senior,112.28,120,230,245,255,,255,165,172.5,-177.5,,172.5,-260,270,290,,290,717.5,10,421.73,419.68,401.38,85.90,Yes,,,FIPL,IPF,2023-03-31,Italy,,S.Zenone al Lambro,6 gara nazionale classic senior M,Yes
Leonardo Palmieri,M,SBD,Raw,27.5,24-34,24-39,Senior,92.97,93,215,230,-240,,230,120,130,-140,,130,240,260,275,,275,635,48,404.08,398.96,381.85,83.08,Yes,,,FIPL,IPF,2023-03-31,Italy,,S.Zenone al Lambro,6 gara nazionale classic senior M,Yes
Lorenzo Colombo,M,SBD,Raw,27.5,24-34,24-39,Senior,90.07,93,210,-225,-225,,210,110,120,-130,,120,250,265,-275,,265,595,63,384.58,379.69,363.89,79.07,Yes,,,FIPL,IPF,2023-03-31,Italy,,S.Zenone al Lambro,6 gara nazionale classic senior M,Yes
Mattia Ferro,M,SBD,Raw,25.5,24-34,24-39,Senior,90.66,93,200,210,220,,220,117.5,122.5,-130,,122.5,235,250,-260,,250,592.5,64,381.71,376.86,361.07,78.49,Yes,,,FIPL,IPF,2023-03-31,Italy,,S.Zenone al Lambro,6 gara nazionale classic senior M,Yes
Cristiano Zanotelli,M,SBD,Raw,33.5,24-34,24-39,Senior,91.62,93,230,240,-242.5,,240,-152.5,152.5,-162.5,,152.5,-300,-300,-300,,,,DQ,,,,,Yes,,,FIPL,IPF,2023-03-31,Italy,,S.Zenone al Lambro,6 gara nazionale classic senior M,Yes
Angelo Schembri,M,SBD,Raw,31.5,24-34,24-39,Senior,65.28,66,190,-200,200,,200,120,125,130,,130,205,220,-230,,220,550,10,434.48,435.79,423.69,86.24,Yes,,,FIPL,IPF,2023-03-31,Italy,,S.Zenone al Lambro,6 gara nazionale classic senior M,Yes
Alessio Erba,M,SBD,Raw,,24-34,24-39,Senior,92.8,93,220,230,240,,240,120,-125,125,,125,260,275,-280,,275,640,42,407.62,402.45,385.22,83.81,Yes,,,FIPL,IPF,2023-03-31,Italy,,S.Zenone al Lambro,6 gara nazionale classic senior M,Yes
Danilo Giovannini,M,SBD,Raw,26,24-34,24-39,Senior,85.29,93,170,182.5,-192.5,,182.5,135,137.5,-142.5,,137.5,190,205,215,,215,535,90,355.79,351.53,337.73,73.05,Yes,,,FIPL,IPF,2023-03-31,Italy,,S.Zenone al Lambro,6 gara nazionale classic senior M,Yes
Marco Passarelli,M,SBD,Raw,26,24-34,24-39,Senior,65.09,66,185,195,200,,200,137.5,142.5,147.5,,147.5,230,242.5,-261.5,,242.5,590,3,467.10,468.63,455.67,92.65,Yes,Italy,,FIPL,IPF,2023-03-31,Italy,,S.Zenone al Lambro,6 gara nazionale classic senior M,Yes
Giuseppe Scotto Di Uccio,M,SBD,Raw,29,24-34,24-39,Senior,61.17,66,165,172.5,-180,,172.5,97.5,-102.5,-102.5,,97.5,205,-215,-215,,205,475,21,394.68,398.11,388.34,77.10,Yes,,,FIPL,IPF,2023-03-31,Italy,,S.Zenone al Lambro,6 gara nazionale classic senior M,Yes
Simone Del Mastro,M,SBD,Raw,28.5,24-34,24-39,Senior,86.07,93,220,230,-235,,230,122.5,127.5,,,127.5,260,-280,-280,,260,617.5,56,408.64,403.68,387.67,83.93,Yes,,,FIPL,IPF,2023-03-31,Italy,,S.Zenone al Lambro,6 gara nazionale classic senior M,Yes
Massimo Bedognetti,M,SBD,Raw,26.5,24-34,24-39,Senior,90.34,93,200,215,-225,,215,135,142.5,-147.5,,142.5,235,250,260,,260,617.5,57,398.52,393.46,377.03,81.94,Yes,,,FIPL,IPF,2023-03-31,Italy,,S.Zenone al Lambro,6 gara nazionale classic senior M,Yes
Matteo Crescimbeni,M,SBD,Raw,34.5,24-34,24-39,Senior,91.03,93,220,230,-240,,230,140,145,-150,,145,280,-282.5,-300,,280,655,36,421.12,415.76,398.27,86.59,Yes,Italy,,FIPL,IPF,2023-03-31,Italy,,S.Zenone al Lambro,6 gara nazionale classic senior M,Yes
Davis Serrato,M,SBD,Raw,34.5,24-34,24-39,Senior,82.96,83,200,212.5,225,,225,-152.5,-157.5,-157.5,,,205,217.5,232.5,,232.5,,DQ,,,,,Yes,,,FIPL,IPF,2023-03-31,Italy,,S.Zenone al Lambro,6 gara nazionale classic senior M,Yes
Francesco Napoleoni,M,SBD,Raw,26.5,24-34,24-39,Senior,65.24,66,150,160,-165,,160,90,-95,-100,,90,190,202.5,210,,210,460,26,363.55,364.67,354.55,72.15,Yes,Italy,,FIPL,IPF,2023-03-31,Italy,,S.Zenone al Lambro,6 gara nazionale classic senior M,Yes
Alberto D'Onofrio,M,SBD,Raw,25.5,24-34,24-39,Senior,73.22,74,170,-177.5,-182.5,,170,132.5,-137.5,-142.5,,132.5,185,195,210,,210,512.5,29,373.45,371.45,359.28,75.66,Yes,,,FIPL,IPF,2023-03-31,Italy,,S.Zenone al Lambro,6 gara nazionale classic senior M,Yes
Matteo Oliveri,M,SBD,Raw,29,24-34,24-39,Senior,95.49,105,-205,210,-225,,210,150,155,-160,,155,235,247.5,255,,255,620,30,389.59,384.77,367.91,80.08,Yes,,,FIPL,IPF,2023-03-31,Italy,,S.Zenone al Lambro,6 gara nazionale classic senior M,Yes
Marco Foscari,M,SBD,Raw,31,24-34,24-39,Senior,80.47,83,200,210,220,,220,140,145,-150,,145,240,250,-260,,250,615,13,422.61,418.32,402.96,86.48,Yes,,,FIPL,IPF,2023-03-31,Italy,,S.Zenone al Lambro,6 gara nazionale classic senior M,Yes
Filippo Pecchioli,M,SBD,Raw,26.5,24-34,24-39,Senior,73.8,74,212.5,225,230,,230,127.5,132.5,135,,135,245,260,-270,,260,625,7,453.08,450.44,435.53,91.89,Yes,Italy,,FIPL,IPF,2023-03-31,Italy,,S.Zenone al Lambro,6 gara nazionale classic senior M,Yes
Salvatore Pezza,M,SBD,Raw,23.5,24-34,24-39,Senior,90.83,93,225,237.5,-242.5,,237.5,160,165,-170,,165,255,-270,-270,,255,657.5,32,423.19,417.81,400.27,87.02,Yes,,,FIPL,IPF,2023-03-31,Italy,,S.Zenone al Lambro,6 gara nazionale classic senior M,Yes
Alessandro Lo Grieco,M,SBD,Raw,,,,Senior,117.71,120,250,270,282.5,,282.5,160,170,-180,,170,280,300,315,,315,767.5,4,443.65,443.29,424.65,89.98,Yes,Italy,,FIPL,IPF,2023-03-31,Italy,,S.Zenone al Lambro,6 gara nazionale classic senior M,Yes
Antonio Gerundino,M,SBD,Raw,29.5,24-34,24-39,Senior,87.4,93,180,192.5,-202.5,,192.5,125,132.5,137.5,,137.5,220,237.5,-242.5,,237.5,567.5,74,372.52,367.89,353.05,76.55,Yes,,,FIPL,IPF,2023-03-31,Italy,,S.Zenone al Lambro,6 gara nazionale classic senior M,Yes
Raffaele Alfiero,M,SBD,Raw,31.5,24-34,24-39,Senior,73.22,74,-212.5,217.5,-220,,217.5,122.5,127.5,-130,,127.5,245,260,-270,,260,605,10,440.85,438.49,424.12,89.31,Yes,,,FIPL,IPF,2023-03-31,Italy,,S.Zenone al Lambro,6 gara nazionale classic senior M,Yes
Francesco Di Salvio,M,SBD,Raw,26.5,24-34,24-39,Senior,65.84,66,165,172.5,180,,180,107.5,112.5,-115,,112.5,215,225,-235,,225,517.5,14,406.21,407.15,395.68,80.77,Yes,,,FIPL,IPF,2023-03-31,Italy,,S.Zenone al Lambro,6 gara nazionale classic senior M,Yes
Mario Iannace,M,SBD,Raw,26.5,24-34,24-39,Senior,65.83,66,160,-165,165,,165,100,-105,-105,,100,190,200,-210,,200,465,25,365.04,365.89,355.58,72.59,Yes,,,FIPL,IPF,2023-03-31,Italy,,S.Zenone al Lambro,6 gara nazionale classic senior M,Yes
Ciro Di Ruocco,M,SBD,Raw,24,24-34,24-39,Senior,79.02,83,135,-145,145,,145,95,100,-102.5,,100,155,160,-165,,160,405,68,281.32,278.67,268.66,57.48,Yes,,,FIPL,IPF,2023-03-31,Italy,,S.Zenone al Lambro,6 gara nazionale classic senior M,Yes
Damiano Capolongo,M,SBD,Raw,24,24-34,24-39,Senior,103.48,105,247.5,-255,255,,255,145,-150,-150,,145,252.5,267.5,-282.5,,267.5,667.5,15,404.97,400.95,382.85,82.98,Yes,Italy,,FIPL,IPF,2023-03-31,Italy,,S.Zenone al Lambro,6 gara nazionale classic senior M,Yes
Nicolò Truglio,M,SBD,Raw,25,24-34,24-39,Senior,81.46,83,235,250,265,,265,127.5,-132.5,-132.5,,127.5,200,-220,-220,,200,592.5,18,404.27,399.98,385.08,82.80,Yes,,,FIPL,IPF,2023-03-31,Italy,,S.Zenone al Lambro,6 gara nazionale classic senior M,Yes
Christian Di Nella,M,SBD,Raw,23.5,24-34,24-39,Senior,65.65,66,192.5,202.5,207.5,,207.5,115,120,-125,,120,230,-240,-240,,230,557.5,7,438.55,439.67,427.34,87.15,Yes,,,FIPL,IPF,2023-03-31,Italy,,S.Zenone al Lambro,6 gara nazionale classic senior M,Yes
Andrea Colarusso,M,SBD,Raw,34.5,24-34,24-39,Senior,82.27,83,197.5,210,-212.5,,210,120,125,-127.5,,125,255,-267.5,-275,,255,590,19,400.30,395.91,380.99,82.04,Yes,,,FIPL,IPF,2023-03-31,Italy,,S.Zenone al Lambro,6 gara nazionale classic senior M,Yes
Alfredo Orsini,M,SBD,Raw,24.5,24-34,24-39,Senior,104.28,105,265,275,285,,285,187.5,195,-200.5,,195,290,307.5,320,,320,800,3,483.82,479.21,457.58,99.09,Yes,Italy,,FIPL,IPF,2023-03-31,Italy,,S.Zenone al Lambro,6 gara nazionale classic senior M,Yes
Francesco Boccasile,M,SBD,Raw,25,24-34,24-39,Senior,73.15,74,-205,205,210,,210,160,165,167.5,,167.5,275,288,293.5,,293.5,671,3,489.25,486.66,470.74,99.10,Yes,Italy,,FIPL,IPF,2023-03-31,Italy,,S.Zenone al Lambro,6 gara nazionale classic senior M,Yes
Giancarlo Ozzimo,M,SBD,Raw,37.5,35-39,24-39,Senior,64.11,66,140,152.5,160,,160,95,100,105,,105,200,210,220,,220,485,20,388.42,390.18,379.68,76.78,Yes,Italy,,FIPL,IPF,2023-03-31,Italy,,S.Zenone al Lambro,6 gara nazionale classic senior M,Yes
Stefano Allen,M,SBD,Raw,,,,Senior,103.68,105,-275,-275,-275,,,167.5,172.5,-175,,172.5,280,300,-310,,300,,DQ,,,,,Yes,Italy,,FIPL,IPF,2023-03-31,Italy,,S.Zenone al Lambro,6 gara nazionale classic senior M,Yes
Emanuele Ventimiglia,M,SBD,Raw,26.5,24-34,24-39,Senior,65.14,66,190,202.5,-205,,202.5,132.5,142.5,-150,,142.5,217.5,227.5,-232.5,,227.5,572.5,5,452.98,454.43,441.86,89.87,Yes,Italy,,FIPL,IPF,2023-03-31,Italy,,S.Zenone al Lambro,6 gara nazionale classic senior M,Yes
Giovannino Pinna,M,SBD,Raw,35,35-39,24-39,Senior,81.76,83,225,235,240,,240,160,165,-167.5,,165,245,260,270,,270,675,4,459.59,454.65,437.64,94.15,Yes,Italy,,FIPL,IPF,2023-03-31,Italy,,S.Zenone al Lambro,6 gara nazionale classic senior M,Yes
Andrea Salaris,M,SBD,Raw,29,24-34,24-39,Senior,65.36,66,231.5,240,244,,244,120,127.5,130,,130,225,235,-240,,235,609,1,480.64,482.05,468.63,95.42,Yes,Italy,,FIPL,IPF,2023-03-31,Italy,,S.Zenone al Lambro,6 gara nazionale classic senior M,Yes
Mirko Artosi,M,SBD,Raw,34,24-34,24-39,Senior,92.79,93,280,292.5,-300.5,,292.5,165,170,-172.5,,170,290,310,-320,,310,772.5,2,492.04,485.80,465.00,101.17,Yes,Italy,,FIPL,IPF,2023-03-31,Italy,,S.Zenone al Lambro,6 gara nazionale classic senior M,Yes
Nicola Atorino,M,SBD,Raw,29.5,24-34,24-39,Senior,92.15,93,265,275,280,,280,185,190,-192.5,,190,275,292.5,295,,295,765,3,488.90,482.68,462.15,100.53,Yes,Italy,,FIPL,IPF,2023-03-31,Italy,,S.Zenone al Lambro,6 gara nazionale classic senior M,Yes
Matteo Mistrazzoso,M,SBD,Raw,31.5,24-34,24-39,Senior,58.52,59,-172.5,177.5,182.5,,182.5,110,-112.5,112.5,,112.5,220,-230,-230,,220,515,1,443.80,449.49,439.56,85.59,Yes,Italy,,FIPL,IPF,2023-03-31,Italy,,S.Zenone al Lambro,6 gara nazionale classic senior M,Yes
Matteo Nembri,M,SBD,Raw,23.5,24-34,24-39,Senior,65.5,66,190,200,205,,205,120,125,-130,,125,225,-235,-235,,225,555,8,437.33,438.53,426.28,86.86,Yes,Italy,,FIPL,IPF,2023-03-31,Italy,,S.Zenone al Lambro,6 gara nazionale classic senior M,Yes
Carlo Calabrese,M,SBD,Raw,30,24-34,24-39,Senior,92.48,93,-265,-265,270,,270,132.5,-137.5,137.5,,137.5,330,-352.5,-365,,330,737.5,9,470.51,464.53,444.70,96.75,Yes,Italy,,FIPL,IPF,2023-03-31,Italy,,S.Zenone al Lambro,6 gara nazionale classic senior M,Yes
Alessandro Messina,M,SBD,Raw,27.5,24-34,24-39,Senior,81.19,83,240,252.5,-257.5,,252.5,152.5,160,165,,165,312.5,322.5,-330,,322.5,740,2,505.88,500.57,482.00,103.59,Yes,Italy,,FIPL,IPF,2023-03-31,Italy,,S.Zenone al Lambro,6 gara nazionale classic senior M,Yes
Andrea Cicero,M,SBD,Raw,23,20-23,24-39,Senior,92.95,93,275,287.5,-295,,287.5,185,192.5,-195.5,,192.5,300,312.5,325,,325,805,1,512.31,505.82,484.13,105.34,Yes,Italy,,FIPL,IPF,2023-03-31,Italy,,S.Zenone al Lambro,6 gara nazionale classic senior M,Yes
Edoardo Mazzucchielli,M,SBD,Raw,23.5,24-34,24-39,Senior,82.57,83,275,292.5,305,,305,162.5,170,175,,175,290,305,320,,320,800,1,541.65,535.65,515.38,111.03,Yes,Italy,,FIPL,IPF,2023-03-31,Italy,,S.Zenone al Lambro,6 gara nazionale classic senior M,Yes
Mattia Cravedi,M,SBD,Raw,28,24-34,24-39,Senior,149.72,120+,290,305,312.5,,312.5,190,200,-205,,200,270,297.5,-310,,297.5,810,1,435.80,448.29,423.92,86.03,Yes,Italy,,FIPL,IPF,2023-03-31,Italy,,S.Zenone al Lambro,6 gara nazionale classic senior M,Yes
Daniele Miggiano,M,SBD,Raw,31.5,24-34,24-39,Senior,103.77,105,255,267.5,275,,275,155,162.5,-167.5,,162.5,275,290,-312.5,,290,727.5,7,440.86,436.55,416.84,90.32,Yes,Italy,,FIPL,IPF,2023-03-31,Italy,,S.Zenone al Lambro,6 gara nazionale classic senior M,Yes
Francesco Bosari,M,SBD,Raw,25.5,24-34,24-39,Senior,73.08,74,225,235,242.5,,242.5,167.5,175.5,178,,178,232.5,242.5,250,,250,670.5,4,489.20,486.64,470.73,99.08,Yes,Italy,,FIPL,IPF,2023-03-31,Italy,,S.Zenone al Lambro,6 gara nazionale classic senior M,Yes
Jacopo Santangelo,M,SBD,Raw,26.5,24-34,24-39,Senior,65.71,66,197.5,207.5,215,,215,110,-115,-115,,110,220,230,-240,,230,555,9,436.28,437.37,425.08,86.72,Yes,Italy,,FIPL,IPF,2023-03-31,Italy,,S.Zenone al Lambro,6 gara nazionale classic senior M,Yes
Giacomo Bifaro,M,SBD,Raw,24.5,24-34,24-39,Senior,144.87,120+,-350,-370,-370,,,,,,,,,,,,,,DQ,,,,,Yes,Italy,,FIPL,IPF,2023-03-31,Italy,,S.Zenone al Lambro,6 gara nazionale classic senior M,Yes
Simone Nascivera,M,SBD,Raw,24.5,24-34,24-39,Senior,91.14,93,265,280,-290,,280,162.5,170,-175,,170,280,-290,-290,,280,730,10,469.06,463.09,443.59,96.45,Yes,Italy,,FIPL,IPF,2023-03-31,Italy,,S.Zenone al Lambro,6 gara nazionale classic senior M,Yes
Federico Bonserio,M,SBD,Raw,23,20-23,24-39,Senior,91.86,93,275,295.5,-305,,295.5,170,180,182.5,,182.5,-282.5,282.5,,,282.5,760.5,6,486.77,480.58,460.19,100.09,Yes,Italy,,FIPL,IPF,2023-03-31,Italy,,S.Zenone al Lambro,6 gara nazionale classic senior M,Yes
Lorenzo Lupo,M,SBD,Raw,29.5,24-34,24-39,Senior,92.03,93,270,282.5,290,,290,180,187.5,-190,,187.5,270,285,-290,,285,762.5,5,487.61,481.41,460.95,100.26,Yes,Italy,,FIPL,IPF,2023-03-31,Italy,,S.Zenone al Lambro,6 gara nazionale classic senior M,Yes
Dennis Fastelli,M,SBD,Raw,28.5,24-34,24-39,Senior,73.71,74,255,265,-270.5,,265,135,140,-142.5,,140,270,-280,-296,,270,675,2,489.72,486.89,470.81,99.30,Yes,Italy,,FIPL,IPF,2023-03-31,Italy,,S.Zenone al Lambro,6 gara nazionale classic senior M,Yes
Riccardo Angelini,M,SBD,Raw,25.5,24-34,24-39,Senior,73.9,74,-220,250,-260,,250,162.5,172.5,176,,176,220,270,275,,275,701,1,507.73,504.72,487.99,102.99,Yes,Italy,,FIPL,IPF,2023-03-31,Italy,,S.Zenone al Lambro,6 gara nazionale classic senior M,Yes
Mattia Perazzuolo,M,SBD,Raw,30,24-34,24-39,Senior,103.35,105,290,302.5,305,,305,175,182.5,-187.5,,182.5,315,327.5,338.5,,338.5,826,1,501.38,496.39,473.98,102.74,Yes,Italy,,FIPL,IPF,2023-03-31,Italy,,S.Zenone al Lambro,6 gara nazionale classic senior M,Yes
Federico Murru,M,SBD,Raw,27,24-34,24-39,Senior,65.55,66,200,210,215,,215,150,157.5,-165,,157.5,217.5,227.5,-237.5,,227.5,600,2,472.51,473.78,460.53,93.87,Yes,Italy,,FIPL,IPF,2023-03-31,Italy,,S.Zenone al Lambro,6 gara nazionale classic senior M,Yes
Valentino Durastanti,M,SBD,Raw,30.5,24-34,24-39,Senior,102.08,105,280,295,302.5,,302.5,145,155,-162.5,,155,312.5,330,342.5,,342.5,800,2,488.11,482.99,461.20,100.08,Yes,Italy,,FIPL,IPF,2023-03-31,Italy,,S.Zenone al Lambro,6 gara nazionale classic senior M,Yes
Gianmario Gorga,M,SBD,Raw,30.5,24-34,24-39,Senior,116.44,120,-255,,,,,,,,,,,,,,,,DQ,,,,,Yes,Italy,,FIPL,IPF,2023-03-31,Italy,,S.Zenone al Lambro,6 gara nazionale classic senior M,Yes
Rocco Grillo,M,SBD,Raw,28.5,24-34,24-39,Senior,92.93,93,250,270,285,,285,162.5,170,-172.5,,170,270,290,-312.5,,290,745,7,474.18,468.17,448.10,97.50,Yes,Italy,,FIPL,IPF,2023-03-31,Italy,,S.Zenone al Lambro,6 gara nazionale classic senior M,Yes
Gianluca Martino,M,SBD,Raw,31,24-34,24-39,Senior,92.87,93,257.5,267.5,275,,275,162.5,170,-175,,170,277.5,-290,-290,,277.5,722.5,11,460.00,454.17,434.71,94.58,Yes,Italy,,FIPL,IPF,2023-03-31,Italy,,S.Zenone al Lambro,6 gara nazionale classic senior M,Yes
Davide Nicolin,M,SBD,Raw,34.5,24-34,24-39,Senior,120,120,240,255,265,,265,190,200,-207.5,,200,297.5,305,312.5,,312.5,777.5,2,446.52,447.00,428.34,90.38,Yes,Italy,,FIPL,IPF,2023-03-31,Italy,,S.Zenone al Lambro,6 gara nazionale classic senior M,Yes
Francesco Pelizza,M,SBD,Raw,,,,Senior,119.25,120,270,280,285,,285,177.5,185,195,,195,305,312.5,-320,,312.5,792.5,1,456.09,456.30,437.22,92.38,Yes,,,FIPL,IPF,2023-03-31,Italy,,S.Zenone al Lambro,6 gara nazionale classic senior M,Yes
